"4/4/2014 0:03:00",40.7528,-73.9858,"B02512"
"4/4/2014 0:05:00",40.7263,-74.0018,"B02512"
"4/4/2014 0:12:00",40.7263,-73.9917,"B02512"
"4/4/2014 0:12:00",40.7813,-73.9516,"B02512"
"4/4/2014 0:14:00",40.717,-73.9987,"B02512"
"4/4/2014 0:18:00",40.7716,-73.9827,"B02512"
"4/4/2014 0:20:00",40.7228,-73.9983,"B02512"
"4/4/2014 0:23:00",40.7164,-74.0097,"B02512"
"4/4/2014 0:29:00",40.7145,-74.0105,"B02512"
"4/4/2014 0:33:00",40.7424,-74.0039,"B02512"
"4/4/2014 0:40:00",40.7413,-73.9932,"B02512"
"4/4/2014 0:44:00",40.6737,-74.0097,"B02512"
"4/4/2014 0:44:00",40.7204,-73.8453,"B02512"
"4/4/2014 0:57:00",40.7217,-74.041,"B02512"
"4/4/2014 1:02:00",40.776,-73.9573,"B02512"
"4/4/2014 1:07:00",40.7449,-73.9871,"B02512"
"4/4/2014 1:08:00",40.7165,-74.0078,"B02512"
"4/4/2014 1:14:00",40.7463,-73.9939,"B02512"
"4/4/2014 1:18:00",40.7195,-73.9931,"B02512"
"4/4/2014 1:31:00",40.745,-73.9886,"B02512"
"4/4/2014 1:36:00",40.7636,-73.9751,"B02512"
"4/4/2014 1:39:00",40.9199,-73.8641,"B02512"
"4/4/2014 1:41:00",40.7419,-74.0037,"B02512"
"4/4/2014 1:52:00",40.7195,-73.9859,"B02512"
"4/4/2014 1:54:00",40.7323,-74.1341,"B02512"
"4/4/2014 1:58:00",40.744,-74.0066,"B02512"
"4/4/2014 2:03:00",40.7318,-73.9838,"B02512"
"4/4/2014 2:30:00",40.742,-74.0037,"B02512"
"4/4/2014 2:33:00",40.749,-73.9705,"B02512"
"4/4/2014 0:00:00",40.756,-73.9927,"B02598"
"4/4/2014 0:00:00",40.7341,-74.0029,"B02598"
"4/4/2014 0:00:00",40.6483,-73.7825,"B02598"
"4/4/2014 0:01:00",40.7271,-74.0343,"B02598"
"4/4/2014 0:01:00",40.7592,-73.9919,"B02598"
"4/4/2014 0:01:00",40.6894,-73.9849,"B02598"
"4/4/2014 0:01:00",40.7819,-73.9488,"B02598"
"4/4/2014 0:02:00",40.719,-73.9975,"B02598"
"4/4/2014 0:02:00",40.7644,-73.9616,"B02598"
"4/4/2014 0:02:00",40.7342,-73.9949,"B02598"
"4/4/2014 0:03:00",40.7333,-73.9987,"B02598"
"4/4/2014 0:03:00",40.7406,-74.0077,"B02598"
"4/4/2014 0:03:00",40.7152,-74.0102,"B02598"
"4/4/2014 0:03:00",40.726,-74.0083,"B02598"
"4/4/2014 0:03:00",40.7188,-73.9948,"B02598"
"4/4/2014 0:03:00",40.7165,-73.991,"B02598"
"4/4/2014 0:03:00",40.7428,-73.9871,"B02598"
"4/4/2014 0:04:00",40.7198,-74.0325,"B02598"
"4/4/2014 0:04:00",40.7478,-73.9869,"B02598"
"4/4/2014 0:05:00",40.6816,-73.9577,"B02598"
"4/4/2014 0:05:00",40.7601,-73.9616,"B02598"
"4/4/2014 0:07:00",40.7197,-73.9578,"B02598"
"4/4/2014 0:08:00",40.7421,-74.0041,"B02598"
"4/4/2014 0:09:00",40.7286,-73.9591,"B02598"
"4/4/2014 0:09:00",40.77,-73.9927,"B02598"
"4/4/2014 0:10:00",40.7421,-74.0045,"B02598"
"4/4/2014 0:11:00",40.7297,-73.9601,"B02598"
"4/4/2014 0:12:00",40.7598,-73.9915,"B02598"
"4/4/2014 0:13:00",40.7588,-73.9911,"B02598"
"4/4/2014 0:14:00",40.723,-74.008,"B02598"
"4/4/2014 0:14:00",40.7318,-74.0033,"B02598"
"4/4/2014 0:14:00",40.8048,-73.9664,"B02598"
"4/4/2014 0:15:00",40.7237,-74.0088,"B02598"
"4/4/2014 0:15:00",40.7265,-74.0023,"B02598"
"4/4/2014 0:16:00",40.7191,-73.9905,"B02598"
"4/4/2014 0:18:00",40.7143,-73.9999,"B02598"
"4/4/2014 0:18:00",40.7631,-73.9745,"B02598"
"4/4/2014 0:18:00",40.7331,-74.0005,"B02598"
"4/4/2014 0:18:00",40.7309,-74.0064,"B02598"
"4/4/2014 0:18:00",40.7298,-74.0102,"B02598"
"4/4/2014 0:19:00",40.7653,-73.9836,"B02598"
"4/4/2014 0:19:00",40.676,-74.0167,"B02598"
"4/4/2014 0:19:00",40.7602,-73.985,"B02598"
"4/4/2014 0:19:00",40.7558,-73.987,"B02598"
"4/4/2014 0:20:00",40.7119,-73.9522,"B02598"
"4/4/2014 0:21:00",40.7402,-74.0057,"B02598"
"4/4/2014 0:22:00",40.8518,-73.9301,"B02598"
"4/4/2014 0:22:00",40.7065,-73.9591,"B02598"
"4/4/2014 0:23:00",40.7095,-74.0139,"B02598"
"4/4/2014 0:24:00",40.7091,-74.0107,"B02598"
"4/4/2014 0:26:00",40.7094,-73.9515,"B02598"
"4/4/2014 0:27:00",40.7753,-73.9637,"B02598"
"4/4/2014 0:28:00",40.7298,-73.9786,"B02598"
"4/4/2014 0:28:00",40.7198,-73.995,"B02598"
"4/4/2014 0:29:00",40.7501,-73.9751,"B02598"
"4/4/2014 0:30:00",40.7382,-74.005,"B02598"
"4/4/2014 0:31:00",40.7229,-73.9896,"B02598"
"4/4/2014 0:32:00",40.7305,-73.9868,"B02598"
"4/4/2014 0:32:00",40.7545,-73.9869,"B02598"
"4/4/2014 0:34:00",40.7182,-73.9865,"B02598"
"4/4/2014 0:34:00",40.7624,-73.9786,"B02598"
"4/4/2014 0:34:00",40.7727,-73.9555,"B02598"
"4/4/2014 0:36:00",40.7614,-73.9991,"B02598"
"4/4/2014 0:36:00",40.8334,-74.0887,"B02598"
"4/4/2014 0:37:00",40.7647,-73.9955,"B02598"
"4/4/2014 0:38:00",40.7703,-73.9599,"B02598"
"4/4/2014 0:39:00",40.7829,-74.2463,"B02598"
"4/4/2014 0:42:00",40.7128,-73.9653,"B02598"
"4/4/2014 0:43:00",40.7198,-73.9751,"B02598"
"4/4/2014 0:44:00",40.7646,-73.9852,"B02598"
"4/4/2014 0:44:00",40.7381,-74.0059,"B02598"
"4/4/2014 0:44:00",40.7368,-73.9889,"B02598"
"4/4/2014 0:44:00",40.7208,-73.9979,"B02598"
"4/4/2014 0:46:00",40.7869,-73.9748,"B02598"
"4/4/2014 0:47:00",40.7215,-73.9876,"B02598"
"4/4/2014 0:49:00",40.6694,-73.9388,"B02598"
"4/4/2014 0:49:00",40.7663,-73.9832,"B02598"
"4/4/2014 0:49:00",40.7619,-73.9842,"B02598"
"4/4/2014 0:49:00",40.639,-73.9415,"B02598"
"4/4/2014 0:51:00",40.7168,-73.9633,"B02598"
"4/4/2014 0:53:00",40.7225,-73.9976,"B02598"
"4/4/2014 0:54:00",40.7302,-74.0004,"B02598"
"4/4/2014 0:55:00",40.7457,-73.9721,"B02598"
"4/4/2014 0:56:00",40.7059,-73.9217,"B02598"
"4/4/2014 0:59:00",40.7184,-73.9601,"B02598"
"4/4/2014 1:00:00",40.7381,-74.0094,"B02598"
"4/4/2014 1:02:00",40.7515,-73.9939,"B02598"
"4/4/2014 1:03:00",40.7177,-73.9588,"B02598"
"4/4/2014 1:03:00",40.7487,-73.9872,"B02598"
"4/4/2014 1:04:00",40.7605,-73.9756,"B02598"
"4/4/2014 1:05:00",40.7227,-73.9872,"B02598"
"4/4/2014 1:06:00",40.7224,-73.9871,"B02598"
"4/4/2014 1:06:00",40.7502,-73.9833,"B02598"
"4/4/2014 1:07:00",40.7185,-73.9884,"B02598"
"4/4/2014 1:08:00",40.7495,-73.9793,"B02598"
"4/4/2014 1:08:00",40.7145,-74.0103,"B02598"
"4/4/2014 1:08:00",40.7479,-74.0077,"B02598"
"4/4/2014 1:09:00",40.7875,-73.9764,"B02598"
"4/4/2014 1:10:00",40.7315,-74.0049,"B02598"
"4/4/2014 1:12:00",40.7056,-73.9321,"B02598"
"4/4/2014 1:12:00",40.6808,-73.9807,"B02598"
"4/4/2014 1:12:00",40.7073,-73.9434,"B02598"
"4/4/2014 1:12:00",40.7213,-73.9937,"B02598"
"4/4/2014 1:12:00",40.742,-74.0038,"B02598"
"4/4/2014 1:13:00",40.7245,-73.978,"B02598"
"4/4/2014 1:14:00",40.6912,-73.9715,"B02598"
"4/4/2014 1:15:00",40.7395,-74.002,"B02598"
"4/4/2014 1:16:00",40.6945,-74.1775,"B02598"
"4/4/2014 1:21:00",40.7836,-73.9535,"B02598"
"4/4/2014 1:21:00",40.7207,-74.0053,"B02598"
"4/4/2014 1:21:00",40.6952,-74.1783,"B02598"
"4/4/2014 1:21:00",40.7594,-73.9652,"B02598"
"4/4/2014 1:23:00",40.7405,-74.0063,"B02598"
"4/4/2014 1:24:00",40.7193,-74.0051,"B02598"
"4/4/2014 1:25:00",40.7288,-74.1581,"B02598"
"4/4/2014 1:25:00",40.7325,-73.9799,"B02598"
"4/4/2014 1:26:00",40.7182,-73.994,"B02598"
"4/4/2014 1:27:00",40.7316,-73.9892,"B02598"
"4/4/2014 1:29:00",40.742,-74.0038,"B02598"
"4/4/2014 1:31:00",40.7107,-73.9678,"B02598"
"4/4/2014 1:33:00",40.74,-74.0061,"B02598"
"4/4/2014 1:33:00",40.7213,-73.9588,"B02598"
"4/4/2014 1:34:00",40.742,-74.0037,"B02598"
"4/4/2014 1:37:00",40.6601,-73.9515,"B02598"
"4/4/2014 1:39:00",40.7264,-73.9893,"B02598"
"4/4/2014 1:39:00",40.6653,-73.9895,"B02598"
"4/4/2014 1:41:00",40.7356,-74.0068,"B02598"
"4/4/2014 1:41:00",40.7417,-74.0036,"B02598"
"4/4/2014 1:42:00",40.7603,-73.9816,"B02598"
"4/4/2014 1:42:00",40.7361,-73.9844,"B02598"
"4/4/2014 1:44:00",40.7268,-73.9428,"B02598"
"4/4/2014 1:47:00",40.7217,-73.9918,"B02598"
"4/4/2014 1:49:00",40.7458,-73.9842,"B02598"
"4/4/2014 1:50:00",40.7112,-73.9659,"B02598"
"4/4/2014 1:52:00",40.6891,-73.9133,"B02598"
"4/4/2014 1:53:00",40.6611,-73.959,"B02598"
"4/4/2014 1:56:00",40.7271,-73.9802,"B02598"
"4/4/2014 2:02:00",40.7385,-73.9834,"B02598"
"4/4/2014 2:02:00",40.7236,-74.0703,"B02598"
"4/4/2014 2:03:00",40.6641,-73.9906,"B02598"
"4/4/2014 2:04:00",40.7215,-73.9935,"B02598"
"4/4/2014 2:05:00",40.6294,-73.9712,"B02598"
"4/4/2014 2:06:00",40.7418,-74.0038,"B02598"
"4/4/2014 2:10:00",40.7607,-73.9784,"B02598"
"4/4/2014 2:11:00",40.7245,-74.0495,"B02598"
"4/4/2014 2:15:00",40.7075,-73.9432,"B02598"
"4/4/2014 2:18:00",40.7212,-73.9934,"B02598"
"4/4/2014 2:21:00",40.762,-73.991,"B02598"
"4/4/2014 2:26:00",40.5469,-74.1427,"B02598"
"4/4/2014 2:27:00",40.691,-73.9715,"B02598"
"4/4/2014 2:28:00",40.7231,-73.9986,"B02598"
"4/4/2014 2:29:00",40.7583,-73.9242,"B02598"
"4/4/2014 2:29:00",40.698,-73.9265,"B02598"
"4/4/2014 2:30:00",40.7636,-73.9754,"B02598"
"4/4/2014 2:30:00",40.7291,-73.9902,"B02598"
"4/4/2014 2:32:00",40.7701,-73.9927,"B02598"
"4/4/2014 2:38:00",40.7466,-73.919,"B02598"
"4/4/2014 2:39:00",40.684,-73.8605,"B02598"
"4/4/2014 2:41:00",40.7199,-74.0085,"B02598"
"4/4/2014 2:44:00",40.726,-74.0085,"B02598"
"4/4/2014 2:47:00",40.7567,-73.9742,"B02598"
"4/4/2014 2:47:00",40.6611,-73.7041,"B02598"
"4/4/2014 2:47:00",40.7092,-73.9532,"B02598"
"4/4/2014 2:48:00",40.7291,-74.0052,"B02598"
"4/4/2014 2:50:00",40.7786,-73.9796,"B02598"
"4/4/2014 2:51:00",40.8602,-73.9286,"B02598"
"4/4/2014 2:51:00",40.6765,-73.9634,"B02598"
"4/4/2014 2:52:00",40.7058,-73.926,"B02598"
"4/4/2014 2:52:00",40.7754,-73.9834,"B02598"
"4/4/2014 2:53:00",40.7542,-73.987,"B02598"
"4/4/2014 2:54:00",40.7235,-73.9854,"B02598"
"4/4/2014 2:57:00",40.7474,-73.9918,"B02598"
"4/4/2014 2:59:00",40.7413,-74.0021,"B02598"
"4/4/2014 0:00:00",40.7144,-73.988,"B02617"
"4/4/2014 0:00:00",40.7302,-74.005,"B02617"
"4/4/2014 0:01:00",40.703,-73.9169,"B02617"
"4/4/2014 0:02:00",40.7723,-73.982,"B02617"
"4/4/2014 0:03:00",40.7273,-74.0017,"B02617"
"4/4/2014 0:03:00",40.7236,-73.9516,"B02617"
"4/4/2014 0:04:00",40.7117,-73.9999,"B02617"
"4/4/2014 0:05:00",40.6243,-73.9426,"B02617"
"4/4/2014 0:05:00",40.7396,-74.0025,"B02617"
"4/4/2014 0:05:00",40.7618,-73.9823,"B02617"
"4/4/2014 0:10:00",40.7577,-73.9856,"B02617"
"4/4/2014 0:12:00",40.7296,-73.9599,"B02617"
"4/4/2014 0:13:00",40.7741,-73.8729,"B02617"
"4/4/2014 0:14:00",40.7511,-73.9407,"B02617"
"4/4/2014 0:14:00",40.7469,-73.9785,"B02617"
"4/4/2014 0:17:00",40.7205,-74,"B02617"
"4/4/2014 0:17:00",40.7572,-73.968,"B02617"
"4/4/2014 0:18:00",40.6774,-73.9637,"B02617"
"4/4/2014 0:20:00",40.7383,-73.9882,"B02617"
"4/4/2014 0:21:00",40.7235,-73.9823,"B02617"
"4/4/2014 0:23:00",40.7053,-74.0099,"B02617"
"4/4/2014 0:23:00",40.7234,-74.0082,"B02617"
"4/4/2014 0:24:00",40.7052,-73.9446,"B02617"
"4/4/2014 0:26:00",40.7258,-73.9919,"B02617"
"4/4/2014 0:26:00",40.7352,-73.9525,"B02617"
"4/4/2014 0:26:00",40.6954,-74.1779,"B02617"
"4/4/2014 0:27:00",40.7608,-73.9834,"B02617"
"4/4/2014 0:27:00",40.7639,-73.9815,"B02617"
"4/4/2014 0:27:00",40.7246,-74.0059,"B02617"
"4/4/2014 0:27:00",40.7447,-74.0067,"B02617"
"4/4/2014 0:28:00",40.7567,-73.9981,"B02617"
"4/4/2014 0:28:00",40.762,-73.9744,"B02617"
"4/4/2014 0:30:00",40.7255,-74.0012,"B02617"
"4/4/2014 0:31:00",40.7463,-73.9802,"B02617"
"4/4/2014 0:31:00",40.7151,-73.9917,"B02617"
"4/4/2014 0:34:00",40.6883,-74.18,"B02617"
"4/4/2014 0:35:00",40.7273,-73.992,"B02617"
"4/4/2014 0:35:00",40.7395,-73.9807,"B02617"
"4/4/2014 0:35:00",40.7648,-73.9959,"B02617"
"4/4/2014 0:37:00",40.7389,-74.0055,"B02617"
"4/4/2014 0:38:00",40.7028,-73.9906,"B02617"
"4/4/2014 0:39:00",40.7014,-74.0126,"B02617"
"4/4/2014 0:42:00",40.7404,-74.0078,"B02617"
"4/4/2014 0:43:00",40.7381,-74.0042,"B02617"
"4/4/2014 0:44:00",40.7202,-74.0102,"B02617"
"4/4/2014 0:44:00",40.7202,-74.0102,"B02617"
"4/4/2014 0:45:00",40.7295,-73.9895,"B02617"
"4/4/2014 0:45:00",40.7356,-74.0035,"B02617"
"4/4/2014 0:46:00",40.7038,-74.0118,"B02617"
"4/4/2014 0:49:00",40.6605,-73.8987,"B02617"
"4/4/2014 0:51:00",40.7437,-74.0032,"B02617"
"4/4/2014 0:52:00",40.7216,-73.9993,"B02617"
"4/4/2014 0:53:00",40.7571,-73.9989,"B02617"
"4/4/2014 0:54:00",40.7271,-73.9829,"B02617"
"4/4/2014 0:54:00",40.7221,-74.001,"B02617"
"4/4/2014 0:55:00",40.7381,-74.0095,"B02617"
"4/4/2014 0:57:00",40.7385,-73.988,"B02617"
"4/4/2014 0:57:00",40.7432,-73.9925,"B02617"
"4/4/2014 0:58:00",40.7421,-74.0039,"B02617"
"4/4/2014 0:59:00",40.7298,-73.9895,"B02617"
"4/4/2014 1:04:00",40.7583,-73.9848,"B02617"
"4/4/2014 1:06:00",40.7509,-73.9846,"B02617"
"4/4/2014 1:10:00",40.7164,-73.9912,"B02617"
"4/4/2014 1:10:00",40.7317,-73.9894,"B02617"
"4/4/2014 1:12:00",40.7616,-73.9864,"B02617"
"4/4/2014 1:13:00",40.7417,-73.9987,"B02617"
"4/4/2014 1:14:00",40.7408,-74.0357,"B02617"
"4/4/2014 1:14:00",40.7322,-74.0077,"B02617"
"4/4/2014 1:16:00",40.7421,-74.0035,"B02617"
"4/4/2014 1:17:00",40.7201,-73.9845,"B02617"
"4/4/2014 1:18:00",40.7253,-73.9815,"B02617"
"4/4/2014 1:20:00",40.7406,-74.0066,"B02617"
"4/4/2014 1:20:00",40.7406,-74.0066,"B02617"
"4/4/2014 1:20:00",40.7419,-74.0056,"B02617"
"4/4/2014 1:20:00",40.7422,-74.0057,"B02617"
"4/4/2014 1:20:00",40.7422,-74.0057,"B02617"
"4/4/2014 1:24:00",40.7574,-73.9861,"B02617"
"4/4/2014 1:25:00",40.6931,-73.9986,"B02617"
"4/4/2014 1:27:00",40.7617,-73.9863,"B02617"
"4/4/2014 1:29:00",40.7716,-73.9826,"B02617"
"4/4/2014 1:33:00",40.7436,-74.0033,"B02617"
"4/4/2014 1:33:00",40.7436,-74.0033,"B02617"
"4/4/2014 1:38:00",40.7667,-73.8315,"B02617"
"4/4/2014 1:40:00",40.7593,-73.9725,"B02617"
"4/4/2014 1:41:00",40.7748,-73.9901,"B02617"
"4/4/2014 1:43:00",40.7203,-73.9632,"B02617"
"4/4/2014 1:46:00",40.8016,-73.9704,"B02617"
"4/4/2014 1:46:00",40.8016,-73.9704,"B02617"
"4/4/2014 1:49:00",40.7461,-73.9778,"B02617"
"4/4/2014 1:52:00",40.7532,-73.9802,"B02617"
"4/4/2014 2:02:00",40.7208,-73.9871,"B02617"
"4/4/2014 2:04:00",40.7443,-74.0067,"B02617"
"4/4/2014 2:04:00",40.7259,-74.0083,"B02617"
"4/4/2014 2:05:00",40.7202,-73.9544,"B02617"
"4/4/2014 2:07:00",40.7031,-74.0107,"B02617"
"4/4/2014 2:10:00",40.6921,-73.9956,"B02617"
"4/4/2014 2:14:00",40.7211,-73.9975,"B02617"
"4/4/2014 2:16:00",40.7482,-74.0056,"B02617"
"4/4/2014 2:18:00",40.7372,-73.9968,"B02617"
"4/4/2014 2:23:00",40.7425,-74.0038,"B02617"
"4/4/2014 2:24:00",40.7483,-73.9782,"B02617"
"4/4/2014 2:33:00",40.726,-74.0092,"B02617"
"4/4/2014 2:51:00",40.744,-74.0065,"B02617"
"4/4/2014 2:55:00",40.7063,-74.0069,"B02617"
"4/4/2014 2:57:00",40.7461,-74.0062,"B02617"
"4/4/2014 0:00:00",40.7999,-73.9604,"B02682"
"4/4/2014 0:01:00",40.7429,-74.0039,"B02682"
"4/4/2014 0:01:00",40.7571,-73.9991,"B02682"
"4/4/2014 0:01:00",40.7436,-73.9751,"B02682"
"4/4/2014 0:01:00",40.6486,-73.7832,"B02682"
"4/4/2014 0:01:00",40.7285,-73.982,"B02682"
"4/4/2014 0:01:00",40.7733,-73.9114,"B02682"
"4/4/2014 0:02:00",40.7189,-73.9975,"B02682"
"4/4/2014 0:02:00",40.7415,-73.999,"B02682"
"4/4/2014 0:02:00",40.7297,-73.9598,"B02682"
"4/4/2014 0:02:00",40.7716,-73.982,"B02682"
"4/4/2014 0:03:00",40.7381,-74.0095,"B02682"
"4/4/2014 0:03:00",40.7489,-73.977,"B02682"
"4/4/2014 0:03:00",40.7753,-73.9836,"B02682"
"4/4/2014 0:03:00",40.7213,-73.997,"B02682"
"4/4/2014 0:03:00",40.7463,-73.9853,"B02682"
"4/4/2014 0:03:00",40.7417,-74.003,"B02682"
"4/4/2014 0:04:00",40.7567,-73.9846,"B02682"
"4/4/2014 0:05:00",40.7214,-73.9882,"B02682"
"4/4/2014 0:05:00",40.7282,-73.9993,"B02682"
"4/4/2014 0:05:00",40.742,-74.0009,"B02682"
"4/4/2014 0:05:00",40.7479,-74.0311,"B02682"
"4/4/2014 0:05:00",40.7399,-74.0061,"B02682"
"4/4/2014 0:05:00",40.6485,-73.7826,"B02682"
"4/4/2014 0:05:00",40.7453,-74.0005,"B02682"
"4/4/2014 0:05:00",40.7452,-73.9769,"B02682"
"4/4/2014 0:06:00",40.7222,-73.9966,"B02682"
"4/4/2014 0:06:00",40.8768,-73.9101,"B02682"
"4/4/2014 0:06:00",40.7286,-73.9823,"B02682"
"4/4/2014 0:06:00",40.7063,-74.0168,"B02682"
"4/4/2014 0:07:00",40.7396,-74.0019,"B02682"
"4/4/2014 0:07:00",40.7026,-73.9279,"B02682"
"4/4/2014 0:07:00",40.7331,-73.9874,"B02682"
"4/4/2014 0:08:00",40.6992,-73.9079,"B02682"
"4/4/2014 0:08:00",40.7389,-73.9946,"B02682"
"4/4/2014 0:08:00",40.7858,-73.8184,"B02682"
"4/4/2014 0:09:00",40.7266,-74.0026,"B02682"
"4/4/2014 0:09:00",40.7296,-73.9806,"B02682"
"4/4/2014 0:10:00",40.7406,-73.9875,"B02682"
"4/4/2014 0:10:00",40.6934,-73.8219,"B02682"
"4/4/2014 0:10:00",40.7567,-73.9925,"B02682"
"4/4/2014 0:11:00",40.7685,-73.985,"B02682"
"4/4/2014 0:11:00",40.7405,-74.0057,"B02682"
"4/4/2014 0:11:00",40.7297,-73.9869,"B02682"
"4/4/2014 0:12:00",40.7336,-73.99,"B02682"
"4/4/2014 0:12:00",40.7298,-74.01,"B02682"
"4/4/2014 0:12:00",40.7298,-74.01,"B02682"
"4/4/2014 0:12:00",40.7282,-73.993,"B02682"
"4/4/2014 0:12:00",40.7126,-73.9579,"B02682"
"4/4/2014 0:12:00",40.7318,-73.9902,"B02682"
"4/4/2014 0:13:00",40.7671,-73.9621,"B02682"
"4/4/2014 0:13:00",40.7741,-73.8746,"B02682"
"4/4/2014 0:14:00",40.7679,-73.9604,"B02682"
"4/4/2014 0:15:00",40.7648,-73.996,"B02682"
"4/4/2014 0:15:00",40.7558,-73.9871,"B02682"
"4/4/2014 0:15:00",40.6503,-74.0143,"B02682"
"4/4/2014 0:15:00",40.735,-74.003,"B02682"
"4/4/2014 0:15:00",40.691,-73.9714,"B02682"
"4/4/2014 0:15:00",40.7238,-74.0111,"B02682"
"4/4/2014 0:16:00",40.7496,-73.9833,"B02682"
"4/4/2014 0:17:00",40.7304,-74.0043,"B02682"
"4/4/2014 0:17:00",40.7633,-73.8762,"B02682"
"4/4/2014 0:17:00",40.7321,-74.0638,"B02682"
"4/4/2014 0:17:00",40.7252,-74.0014,"B02682"
"4/4/2014 0:18:00",40.772,-73.947,"B02682"
"4/4/2014 0:19:00",40.7637,-73.9856,"B02682"
"4/4/2014 0:19:00",40.7331,-73.9957,"B02682"
"4/4/2014 0:19:00",40.744,-73.9734,"B02682"
"4/4/2014 0:19:00",40.7683,-73.9818,"B02682"
"4/4/2014 0:19:00",40.6758,-74.017,"B02682"
"4/4/2014 0:20:00",40.6395,-73.9682,"B02682"
"4/4/2014 0:21:00",40.7376,-74.0039,"B02682"
"4/4/2014 0:21:00",40.726,-73.9833,"B02682"
"4/4/2014 0:21:00",40.72,-73.9882,"B02682"
"4/4/2014 0:21:00",40.7096,-74.011,"B02682"
"4/4/2014 0:22:00",40.7628,-73.9828,"B02682"
"4/4/2014 0:22:00",40.7425,-74.0042,"B02682"
"4/4/2014 0:23:00",40.7426,-74.0045,"B02682"
"4/4/2014 0:24:00",40.6959,-73.9871,"B02682"
"4/4/2014 0:24:00",40.7327,-74.0039,"B02682"
"4/4/2014 0:25:00",40.6933,-73.9869,"B02682"
"4/4/2014 0:25:00",40.7395,-74.002,"B02682"
"4/4/2014 0:25:00",40.7357,-74.0006,"B02682"
"4/4/2014 0:26:00",40.7153,-73.9516,"B02682"
"4/4/2014 0:26:00",40.7381,-74.0093,"B02682"
"4/4/2014 0:26:00",40.7549,-73.994,"B02682"
"4/4/2014 0:27:00",40.7503,-73.9948,"B02682"
"4/4/2014 0:27:00",40.7338,-73.9899,"B02682"
"4/4/2014 0:28:00",40.7285,-73.9943,"B02682"
"4/4/2014 0:28:00",40.686,-73.9684,"B02682"
"4/4/2014 0:28:00",40.7198,-73.9885,"B02682"
"4/4/2014 0:29:00",40.7503,-73.9948,"B02682"
"4/4/2014 0:29:00",40.7481,-74.0314,"B02682"
"4/4/2014 0:29:00",40.7212,-73.9878,"B02682"
"4/4/2014 0:30:00",40.7334,-74.0026,"B02682"
"4/4/2014 0:30:00",40.7269,-74.0035,"B02682"
"4/4/2014 0:31:00",40.7424,-74.0046,"B02682"
"4/4/2014 0:31:00",40.7515,-74.0065,"B02682"
"4/4/2014 0:31:00",40.7226,-73.9861,"B02682"
"4/4/2014 0:31:00",40.7187,-73.9946,"B02682"
"4/4/2014 0:31:00",40.7384,-74.004,"B02682"
"4/4/2014 0:32:00",40.73,-74.0047,"B02682"
"4/4/2014 0:32:00",40.7645,-73.9793,"B02682"
"4/4/2014 0:32:00",40.7216,-74.0012,"B02682"
"4/4/2014 0:32:00",40.7553,-73.9713,"B02682"
"4/4/2014 0:33:00",40.7421,-73.9962,"B02682"
"4/4/2014 0:34:00",40.7484,-73.9804,"B02682"
"4/4/2014 0:35:00",40.7171,-74.0337,"B02682"
"4/4/2014 0:35:00",40.6563,-73.6452,"B02682"
"4/4/2014 0:35:00",40.7293,-73.9842,"B02682"
"4/4/2014 0:36:00",40.7417,-74.0031,"B02682"
"4/4/2014 0:36:00",40.7291,-73.9903,"B02682"
"4/4/2014 0:36:00",40.7202,-73.9845,"B02682"
"4/4/2014 0:37:00",40.7343,-74.0029,"B02682"
"4/4/2014 0:38:00",40.7604,-73.9624,"B02682"
"4/4/2014 0:38:00",40.7034,-73.9264,"B02682"
"4/4/2014 0:38:00",40.7585,-73.9946,"B02682"
"4/4/2014 0:38:00",40.8002,-73.9454,"B02682"
"4/4/2014 0:40:00",40.7654,-73.9722,"B02682"
"4/4/2014 0:40:00",40.7649,-73.9954,"B02682"
"4/4/2014 0:40:00",40.7209,-73.9937,"B02682"
"4/4/2014 0:41:00",40.7595,-73.9833,"B02682"
"4/4/2014 0:41:00",40.7319,-74.0032,"B02682"
"4/4/2014 0:42:00",40.7231,-73.9896,"B02682"
"4/4/2014 0:43:00",40.7334,-74.0085,"B02682"
"4/4/2014 0:43:00",40.6906,-73.9663,"B02682"
"4/4/2014 0:44:00",40.7487,-74.0018,"B02682"
"4/4/2014 0:44:00",40.7425,-74.0036,"B02682"
"4/4/2014 0:44:00",40.7227,-74.0081,"B02682"
"4/4/2014 0:46:00",40.7187,-73.9947,"B02682"
"4/4/2014 0:47:00",40.8833,-73.9032,"B02682"
"4/4/2014 0:47:00",40.7843,-73.9711,"B02682"
"4/4/2014 0:48:00",40.7585,-73.9814,"B02682"
"4/4/2014 0:50:00",40.7199,-74.0086,"B02682"
"4/4/2014 0:50:00",40.7314,-73.9993,"B02682"
"4/4/2014 0:50:00",40.7762,-73.9559,"B02682"
"4/4/2014 0:50:00",40.7418,-74.004,"B02682"
"4/4/2014 0:51:00",40.7985,-73.9396,"B02682"
"4/4/2014 0:51:00",40.7547,-73.9778,"B02682"
"4/4/2014 0:52:00",40.6972,-73.9358,"B02682"
"4/4/2014 0:52:00",40.7323,-73.9866,"B02682"
"4/4/2014 0:52:00",40.7213,-73.9832,"B02682"
"4/4/2014 0:54:00",40.7381,-73.9981,"B02682"
"4/4/2014 0:54:00",40.7445,-73.9987,"B02682"
"4/4/2014 0:54:00",40.7315,-73.989,"B02682"
"4/4/2014 0:54:00",40.7214,-73.9974,"B02682"
"4/4/2014 0:54:00",40.7363,-73.9909,"B02682"
"4/4/2014 0:54:00",40.7424,-73.9936,"B02682"
"4/4/2014 0:55:00",40.7698,-73.9842,"B02682"
"4/4/2014 0:55:00",41.02,-74.0982,"B02682"
"4/4/2014 0:56:00",40.7297,-74.0045,"B02682"
"4/4/2014 0:57:00",40.7374,-74.0308,"B02682"
"4/4/2014 0:57:00",40.7459,-74.0076,"B02682"
"4/4/2014 0:57:00",40.7207,-74.0007,"B02682"
"4/4/2014 0:58:00",40.7253,-73.9798,"B02682"
"4/4/2014 0:58:00",40.7625,-73.9708,"B02682"
"4/4/2014 0:58:00",40.7333,-73.96,"B02682"
"4/4/2014 0:59:00",40.7453,-73.9965,"B02682"
"4/4/2014 0:59:00",40.7541,-73.9902,"B02682"
"4/4/2014 0:59:00",40.749,-73.9758,"B02682"
"4/4/2014 0:59:00",40.6021,-73.9705,"B02682"
"4/4/2014 0:59:00",40.7567,-73.9845,"B02682"
"4/4/2014 0:59:00",40.7057,-73.9317,"B02682"
"4/4/2014 1:00:00",40.7716,-73.9826,"B02682"
"4/4/2014 1:01:00",40.7226,-73.9868,"B02682"
"4/4/2014 1:02:00",40.7394,-74.0073,"B02682"
"4/4/2014 1:02:00",40.6996,-73.9122,"B02682"
"4/4/2014 1:02:00",40.7655,-73.9797,"B02682"
"4/4/2014 1:03:00",40.7374,-74.0057,"B02682"
"4/4/2014 1:03:00",40.7988,-73.9632,"B02682"
"4/4/2014 1:03:00",40.754,-73.9763,"B02682"
"4/4/2014 1:05:00",40.7383,-74.0096,"B02682"
"4/4/2014 1:05:00",40.7972,-73.9383,"B02682"
"4/4/2014 1:05:00",40.7395,-74.0054,"B02682"
"4/4/2014 1:06:00",40.736,-74.0302,"B02682"
"4/4/2014 1:07:00",40.756,-73.9927,"B02682"
"4/4/2014 1:07:00",40.7198,-74.0073,"B02682"
"4/4/2014 1:07:00",40.7494,-73.9942,"B02682"
"4/4/2014 1:08:00",40.7262,-74.0025,"B02682"
"4/4/2014 1:08:00",40.74,-73.982,"B02682"
"4/4/2014 1:09:00",40.7713,-73.9896,"B02682"
"4/4/2014 1:09:00",40.7795,-73.9838,"B02682"
"4/4/2014 1:11:00",40.742,-74.0038,"B02682"
"4/4/2014 1:12:00",40.7638,-73.9637,"B02682"
"4/4/2014 1:13:00",40.742,-74.0056,"B02682"
"4/4/2014 1:14:00",40.7304,-74.0043,"B02682"
"4/4/2014 1:15:00",40.7549,-73.9685,"B02682"
"4/4/2014 1:16:00",40.7333,-74.0052,"B02682"
"4/4/2014 1:17:00",40.7515,-74.0035,"B02682"
"4/4/2014 1:18:00",40.7563,-73.993,"B02682"
"4/4/2014 1:18:00",40.7399,-73.9915,"B02682"
"4/4/2014 1:19:00",40.7271,-73.9786,"B02682"
"4/4/2014 1:19:00",40.7194,-74.0053,"B02682"
"4/4/2014 1:19:00",40.7192,-73.985,"B02682"
"4/4/2014 1:19:00",40.74,-74.0061,"B02682"
"4/4/2014 1:19:00",40.7355,-74.0005,"B02682"
"4/4/2014 1:19:00",40.7407,-73.9894,"B02682"
"4/4/2014 1:20:00",40.6551,-73.9559,"B02682"
"4/4/2014 1:21:00",40.7654,-73.9626,"B02682"
"4/4/2014 1:22:00",40.7613,-73.9795,"B02682"
"4/4/2014 1:22:00",40.738,-74.0041,"B02682"
"4/4/2014 1:22:00",40.7261,-73.9918,"B02682"
"4/4/2014 1:22:00",40.7139,-73.9327,"B02682"
"4/4/2014 1:23:00",40.7589,-73.978,"B02682"
"4/4/2014 1:24:00",40.7834,-73.9492,"B02682"
"4/4/2014 1:24:00",40.7257,-74.003,"B02682"
"4/4/2014 1:25:00",40.7273,-73.992,"B02682"
"4/4/2014 1:25:00",40.7256,-74.0032,"B02682"
"4/4/2014 1:26:00",40.723,-73.9389,"B02682"
"4/4/2014 1:26:00",40.7403,-74.0057,"B02682"
"4/4/2014 1:27:00",40.7597,-73.9876,"B02682"
"4/4/2014 1:27:00",40.7632,-73.9808,"B02682"
"4/4/2014 1:28:00",40.732,-73.9938,"B02682"
"4/4/2014 1:30:00",40.7251,-74.0013,"B02682"
"4/4/2014 1:30:00",40.6973,-73.9214,"B02682"
"4/4/2014 1:31:00",40.7367,-73.9553,"B02682"
"4/4/2014 1:31:00",40.7212,-73.9878,"B02682"
"4/4/2014 1:33:00",40.7295,-73.9899,"B02682"
"4/4/2014 1:33:00",40.709,-74.0131,"B02682"
"4/4/2014 1:36:00",40.7468,-73.9857,"B02682"
"4/4/2014 1:37:00",40.7277,-73.994,"B02682"
"4/4/2014 1:38:00",40.7594,-73.9734,"B02682"
"4/4/2014 1:39:00",40.7396,-74.0022,"B02682"
"4/4/2014 1:40:00",40.7518,-73.982,"B02682"
"4/4/2014 1:40:00",40.7315,-73.9891,"B02682"
"4/4/2014 1:40:00",40.7396,-74.002,"B02682"
"4/4/2014 1:41:00",40.8242,-73.9888,"B02682"
"4/4/2014 1:41:00",40.7189,-73.9945,"B02682"
"4/4/2014 1:42:00",40.7312,-73.9995,"B02682"
"4/4/2014 1:42:00",40.74,-74.0069,"B02682"
"4/4/2014 1:42:00",40.7764,-73.9524,"B02682"
"4/4/2014 1:43:00",40.7593,-73.9712,"B02682"
"4/4/2014 1:43:00",40.726,-74.0059,"B02682"
"4/4/2014 1:44:00",40.7716,-73.9563,"B02682"
"4/4/2014 1:44:00",40.7376,-74.0315,"B02682"
"4/4/2014 1:44:00",40.7221,-73.9971,"B02682"
"4/4/2014 1:45:00",40.7296,-73.9864,"B02682"
"4/4/2014 1:45:00",40.7195,-74.0363,"B02682"
"4/4/2014 1:46:00",40.7813,-74.2128,"B02682"
"4/4/2014 1:46:00",40.7406,-74.0057,"B02682"
"4/4/2014 1:46:00",40.7529,-73.9846,"B02682"
"4/4/2014 1:47:00",40.7397,-74.0066,"B02682"
"4/4/2014 1:49:00",40.7209,-74.0042,"B02682"
"4/4/2014 1:51:00",40.7233,-73.9505,"B02682"
"4/4/2014 1:52:00",40.773,-73.9802,"B02682"
"4/4/2014 1:52:00",40.7563,-73.9974,"B02682"
"4/4/2014 1:57:00",40.7198,-73.9992,"B02682"
"4/4/2014 1:58:00",40.7639,-73.9861,"B02682"
"4/4/2014 1:59:00",40.738,-74.0344,"B02682"
"4/4/2014 1:59:00",40.6937,-73.9315,"B02682"
"4/4/2014 2:00:00",40.7396,-74.002,"B02682"
"4/4/2014 2:01:00",40.74,-74.006,"B02682"
"4/4/2014 2:01:00",40.7621,-73.9633,"B02682"
"4/4/2014 2:02:00",40.7614,-73.9996,"B02682"
"4/4/2014 2:03:00",40.7395,-74.002,"B02682"
"4/4/2014 2:05:00",40.7396,-74.002,"B02682"
"4/4/2014 2:07:00",40.7348,-74.0084,"B02682"
"4/4/2014 2:08:00",40.7452,-73.9278,"B02682"
"4/4/2014 2:09:00",40.7278,-73.9947,"B02682"
"4/4/2014 2:10:00",40.7727,-73.9669,"B02682"
"4/4/2014 2:10:00",40.7159,-74.0086,"B02682"
"4/4/2014 2:12:00",40.771,-73.9618,"B02682"
"4/4/2014 2:13:00",40.7293,-74.0015,"B02682"
"4/4/2014 2:13:00",40.7549,-73.9735,"B02682"
"4/4/2014 2:16:00",40.7604,-73.9874,"B02682"
"4/4/2014 2:16:00",40.7147,-74.0094,"B02682"
"4/4/2014 2:17:00",40.721,-73.9936,"B02682"
"4/4/2014 2:17:00",40.721,-73.9935,"B02682"
"4/4/2014 2:17:00",40.7397,-74.0024,"B02682"
"4/4/2014 2:18:00",40.7171,-74.0144,"B02682"
"4/4/2014 2:20:00",40.7214,-73.9936,"B02682"
"4/4/2014 2:20:00",40.7495,-74.0272,"B02682"
"4/4/2014 2:20:00",40.7317,-73.9742,"B02682"
"4/4/2014 2:20:00",40.7406,-74.0065,"B02682"
"4/4/2014 2:26:00",40.7401,-74.006,"B02682"
"4/4/2014 2:26:00",40.7216,-73.992,"B02682"
"4/4/2014 2:27:00",40.7399,-74.006,"B02682"
"4/4/2014 2:28:00",40.7232,-73.9986,"B02682"
"4/4/2014 2:30:00",40.744,-74.0067,"B02682"
"4/4/2014 2:32:00",40.7709,-73.9619,"B02682"
"4/4/2014 2:34:00",40.7543,-73.9689,"B02682"
"4/4/2014 2:35:00",40.7396,-74.0021,"B02682"
"4/4/2014 2:35:00",40.7269,-73.9837,"B02682"
"4/4/2014 2:36:00",40.7338,-74.1642,"B02682"
"4/4/2014 2:37:00",40.7611,-73.9975,"B02682"
"4/4/2014 2:38:00",40.7232,-74.0029,"B02682"
"4/4/2014 2:39:00",41.0429,-73.8624,"B02682"
"4/4/2014 2:39:00",40.7635,-73.9751,"B02682"
"4/4/2014 2:40:00",40.7605,-73.9953,"B02682"
"4/4/2014 2:41:00",40.74,-74.0052,"B02682"
"4/4/2014 2:42:00",40.7346,-73.9908,"B02682"
"4/4/2014 2:42:00",40.7659,-73.9792,"B02682"
"4/4/2014 2:43:00",40.7179,-73.9856,"B02682"
"4/4/2014 2:46:00",40.7577,-73.9755,"B02682"
"4/4/2014 2:47:00",40.7033,-74.0102,"B02682"
"4/4/2014 2:48:00",40.7582,-73.9605,"B02682"
"4/4/2014 2:48:00",40.7538,-73.9933,"B02682"
"4/4/2014 2:50:00",40.8396,-73.941,"B02682"
"4/4/2014 2:52:00",40.7278,-73.9851,"B02682"
"4/4/2014 2:52:00",40.7329,-74,"B02682"
"4/4/2014 2:53:00",40.7275,-73.9942,"B02682"
"4/4/2014 2:53:00",40.6889,-73.9838,"B02682"
"4/4/2014 2:54:00",40.7403,-73.9984,"B02682"
"4/4/2014 2:55:00",40.7532,-73.9928,"B02682"
"4/4/2014 2:56:00",40.7389,-74.0005,"B02682"
"4/4/2014 2:58:00",40.7409,-74.0049,"B02682"
"4/4/2014 2:58:00",40.7396,-74.0055,"B02682"
"4/4/2014 2:58:00",40.6477,-73.9747,"B02682"
"4/4/2014 2:59:00",40.746,-74.0023,"B02682"
"4/4/2014 2:59:00",40.7186,-73.9995,"B02682"
"4/4/2014 0:00:00",40.7204,-74.0022,"B02764"
"4/4/2014 0:07:00",40.7347,-74,"B02764"
"4/4/2014 0:12:00",40.7419,-74.0055,"B02764"
"4/4/2014 0:28:00",40.7234,-74.0081,"B02764"
"4/4/2014 0:29:00",40.733,-74.0072,"B02764"
"4/4/2014 0:33:00",40.7599,-73.9786,"B02764"
"4/4/2014 0:58:00",40.7392,-73.9971,"B02764"
"4/4/2014 1:17:00",40.7443,-73.9983,"B02764"
"4/4/2014 1:18:00",40.7198,-74.0051,"B02764"
"4/4/2014 1:34:00",40.7274,-73.9865,"B02764"
"4/4/2014 2:08:00",40.7181,-74.015,"B02764"
"4/4/2014 2:35:00",40.7758,-73.9647,"B02764"
"4/4/2014 2:52:00",40.741,-74.0052,"B02764"
