"Date/Time","Lat","Lon","Base"
"5/7/2014 11:38:00",40.7643,-73.9812,"B02617"
"5/7/2014 11:39:00",40.767,-73.9523,"B02617"
"5/7/2014 11:40:00",40.7623,-73.9723,"B02617"
"5/7/2014 11:40:00",40.7634,-73.9691,"B02617"
"5/7/2014 11:40:00",40.7533,-73.9805,"B02617"
"5/7/2014 11:41:00",40.7676,-73.9386,"B02617"
"5/7/2014 11:41:00",40.7163,-74.0103,"B02617"
"5/7/2014 11:41:00",40.7566,-73.9974,"B02617"
"5/7/2014 11:42:00",40.761,-73.958,"B02617"
"5/7/2014 11:42:00",40.7752,-73.9629,"B02617"
"5/7/2014 11:42:00",40.7752,-73.9629,"B02617"
"5/7/2014 11:43:00",40.7492,-73.9696,"B02617"
"5/7/2014 11:43:00",40.7727,-73.9551,"B02617"
"5/7/2014 11:43:00",40.7261,-73.9929,"B02617"
"5/7/2014 11:44:00",40.7899,-73.9524,"B02617"
"5/7/2014 11:44:00",40.7483,-74.0056,"B02617"
"5/7/2014 11:44:00",40.7274,-73.9792,"B02617"
"5/7/2014 11:45:00",40.7227,-74.0091,"B02617"
"5/7/2014 11:45:00",40.6747,-73.9565,"B02617"
"5/7/2014 11:45:00",40.6695,-73.9745,"B02617"
"5/7/2014 11:46:00",40.893,-73.8996,"B02617"
"5/7/2014 11:47:00",40.774,-73.8721,"B02617"
"5/7/2014 11:48:00",40.7416,-73.9853,"B02617"
"5/7/2014 11:48:00",40.7603,-73.9774,"B02617"
"5/7/2014 11:49:00",40.6926,-73.9862,"B02617"
"5/7/2014 11:50:00",40.7197,-73.9949,"B02617"
"5/7/2014 11:50:00",40.756,-73.9727,"B02617"
"5/7/2014 11:50:00",40.7483,-73.9959,"B02617"
"5/7/2014 11:52:00",40.7536,-73.9869,"B02617"
"5/7/2014 11:53:00",40.7513,-73.9941,"B02617"
"5/7/2014 11:54:00",40.7625,-73.9819,"B02617"
"5/7/2014 11:54:00",40.7126,-74.0345,"B02617"
"5/7/2014 11:55:00",40.7344,-73.9893,"B02617"
"5/7/2014 11:55:00",40.7998,-73.9587,"B02617"
"5/7/2014 11:55:00",40.7042,-74.0092,"B02617"
"5/7/2014 11:56:00",40.7377,-73.9997,"B02617"
"5/7/2014 11:57:00",40.7214,-73.9929,"B02617"
"5/7/2014 11:57:00",40.7312,-74.0086,"B02617"
"5/7/2014 11:58:00",40.7528,-73.9676,"B02617"
"5/7/2014 11:58:00",40.7121,-73.937,"B02617"
"5/7/2014 11:59:00",40.7521,-73.9896,"B02617"
"5/7/2014 11:59:00",40.7521,-73.9896,"B02617"
"5/7/2014 11:59:00",40.7698,-73.9586,"B02617"
"5/7/2014 11:59:00",40.7513,-73.9923,"B02617"
"5/7/2014 11:59:00",40.7503,-73.9946,"B02617"
"5/7/2014 11:59:00",40.769,-73.9944,"B02617"
"5/7/2014 11:59:00",40.7753,-73.9904,"B02617"
"5/7/2014 12:00:00",40.7014,-73.9843,"B02617"
"5/7/2014 12:01:00",40.7591,-73.9844,"B02617"
"5/7/2014 12:02:00",40.7208,-74.004,"B02617"
"5/7/2014 12:02:00",40.7624,-73.9753,"B02617"
"5/7/2014 12:02:00",40.6909,-74.1781,"B02617"
"5/7/2014 12:03:00",40.7204,-74.0052,"B02617"
"5/7/2014 12:04:00",40.796,-73.9727,"B02617"
"5/7/2014 12:05:00",40.719,-74.0012,"B02617"
"5/7/2014 12:05:00",40.7036,-73.8087,"B02617"
"5/7/2014 12:07:00",40.7671,-73.985,"B02617"
"5/7/2014 12:07:00",40.7514,-73.9938,"B02617"
"5/7/2014 12:07:00",40.7603,-73.9868,"B02617"
"5/7/2014 12:08:00",40.7439,-74.0064,"B02617"
"5/7/2014 12:08:00",40.7439,-74.0064,"B02617"
"5/7/2014 12:08:00",40.7784,-73.957,"B02617"
"5/7/2014 12:09:00",40.7209,-73.9933,"B02617"
"5/7/2014 12:09:00",40.7313,-74.0093,"B02617"
"5/7/2014 12:09:00",40.6909,-73.9558,"B02617"
"5/7/2014 12:09:00",40.6459,-73.7767,"B02617"
"5/7/2014 12:09:00",40.7264,-73.9802,"B02617"
"5/7/2014 12:09:00",40.7005,-73.9025,"B02617"
"5/7/2014 12:09:00",40.7704,-73.8671,"B02617"
"5/7/2014 12:09:00",40.7446,-73.975,"B02617"
"5/7/2014 12:09:00",40.6921,-73.9839,"B02617"
"5/7/2014 12:09:00",40.6921,-73.9839,"B02617"
"5/7/2014 12:10:00",40.774,-73.8724,"B02617"
"5/7/2014 12:10:00",40.776,-73.9508,"B02617"
"5/7/2014 12:11:00",40.8117,-73.9519,"B02617"
"5/7/2014 12:12:00",40.7329,-74.0576,"B02617"
"5/7/2014 12:12:00",40.721,-73.9789,"B02617"
"5/7/2014 12:12:00",40.7656,-73.9762,"B02617"
"5/7/2014 12:12:00",40.7439,-74.0063,"B02617"
"5/7/2014 12:12:00",40.7439,-74.0063,"B02617"
"5/7/2014 12:13:00",40.7156,-74.0031,"B02617"
"5/7/2014 12:13:00",40.7051,-74.0128,"B02617"
"5/7/2014 12:13:00",40.7528,-73.9857,"B02617"
"5/7/2014 12:16:00",40.7176,-74.0003,"B02617"
"5/7/2014 12:18:00",40.7655,-73.9755,"B02617"
"5/7/2014 12:18:00",40.778,-73.963,"B02617"
"5/7/2014 12:20:00",40.7612,-73.9874,"B02617"
"5/7/2014 12:20:00",40.7573,-73.9663,"B02617"
"5/7/2014 12:20:00",40.6269,-73.9178,"B02617"
"5/7/2014 12:22:00",40.7609,-73.9906,"B02617"
"5/7/2014 12:22:00",40.7745,-73.9897,"B02617"
"5/7/2014 12:22:00",40.7571,-73.9861,"B02617"
"5/7/2014 12:23:00",40.7609,-73.9663,"B02617"
"5/7/2014 12:24:00",40.7627,-73.9829,"B02617"
"5/7/2014 12:25:00",40.7245,-73.9957,"B02617"
"5/7/2014 12:25:00",40.7316,-73.9909,"B02617"
"5/7/2014 12:25:00",40.7297,-74.0067,"B02617"
"5/7/2014 12:25:00",40.7395,-73.9923,"B02617"
"5/7/2014 12:26:00",40.7466,-73.9857,"B02617"
"5/7/2014 12:26:00",40.7069,-74.0162,"B02617"
"5/7/2014 12:26:00",40.6646,-73.9531,"B02617"
"5/7/2014 12:26:00",40.7486,-73.9887,"B02617"
"5/7/2014 12:26:00",40.7522,-73.9769,"B02617"
"5/7/2014 12:28:00",40.7711,-73.8662,"B02617"
"5/7/2014 12:29:00",40.7186,-74.0089,"B02617"
"5/7/2014 12:29:00",40.7575,-73.9853,"B02617"
"5/7/2014 12:30:00",40.7617,-73.9844,"B02617"
"5/7/2014 12:30:00",40.76,-73.9904,"B02617"
"5/7/2014 12:32:00",40.7922,-73.9264,"B02617"
"5/7/2014 12:33:00",40.7426,-73.9848,"B02617"
"5/7/2014 12:33:00",40.745,-73.9477,"B02617"
"5/7/2014 12:33:00",40.745,-73.9477,"B02617"
"5/7/2014 12:33:00",40.7248,-73.9949,"B02617"
"5/7/2014 12:34:00",40.7475,-74.0017,"B02617"
"5/7/2014 12:34:00",40.7642,-73.9689,"B02617"
"5/7/2014 12:35:00",40.7237,-74.0112,"B02617"
"5/7/2014 12:36:00",40.6153,-73.9255,"B02617"
"5/7/2014 12:36:00",40.7867,-73.9683,"B02617"
"5/7/2014 12:37:00",40.6896,-73.9704,"B02617"
"5/7/2014 12:37:00",40.7462,-73.9924,"B02617"
"5/7/2014 12:38:00",40.7341,-73.9909,"B02617"
"5/7/2014 12:38:00",40.7441,-74.0064,"B02617"
"5/7/2014 12:38:00",40.6597,-73.9892,"B02617"
"5/7/2014 12:39:00",40.7294,-73.9895,"B02617"
"5/7/2014 12:39:00",40.7451,-73.9954,"B02617"
"5/7/2014 12:39:00",40.6754,-73.9373,"B02617"
"5/7/2014 12:39:00",40.7229,-74.0047,"B02617"
"5/7/2014 12:39:00",40.7229,-74.0047,"B02617"
"5/7/2014 12:40:00",40.7879,-73.9714,"B02617"
"5/7/2014 12:40:00",40.7339,-73.9927,"B02617"
"5/7/2014 12:41:00",40.748,-73.9927,"B02617"
"5/7/2014 12:41:00",40.7851,-73.957,"B02617"
"5/7/2014 12:42:00",40.7585,-73.9898,"B02617"
"5/7/2014 12:43:00",40.6966,-73.983,"B02617"
"5/7/2014 12:43:00",40.727,-74.0071,"B02617"
"5/7/2014 12:44:00",40.7594,-73.9827,"B02617"
"5/7/2014 12:45:00",40.7223,-73.9872,"B02617"
"5/7/2014 12:45:00",40.6118,-73.9199,"B02617"
"5/7/2014 12:45:00",40.7299,-73.9896,"B02617"
"5/7/2014 12:45:00",40.7426,-73.9868,"B02617"
"5/7/2014 12:46:00",40.7484,-73.9887,"B02617"
"5/7/2014 12:46:00",40.7388,-74.0088,"B02617"
"5/7/2014 12:46:00",40.7917,-73.9726,"B02617"
"5/7/2014 12:47:00",40.7741,-73.8727,"B02617"
"5/7/2014 12:47:00",40.7206,-73.9927,"B02617"
"5/7/2014 12:49:00",40.7694,-73.9957,"B02617"
"5/7/2014 12:49:00",40.7501,-73.9806,"B02617"
"5/7/2014 12:49:00",40.7255,-73.995,"B02617"
"5/7/2014 12:49:00",40.7428,-73.9926,"B02617"
"5/7/2014 12:50:00",40.7967,-73.9468,"B02617"
"5/7/2014 12:50:00",40.842,-73.9142,"B02617"
"5/7/2014 12:50:00",41.0449,-73.6888,"B02617"
"5/7/2014 12:51:00",40.7824,-73.9811,"B02617"
"5/7/2014 12:52:00",40.6778,-73.9599,"B02617"
"5/7/2014 12:52:00",40.7184,-73.9978,"B02617"
"5/7/2014 12:53:00",40.7702,-73.8648,"B02617"
"5/7/2014 12:54:00",40.758,-73.9727,"B02617"
"5/7/2014 12:54:00",40.7334,-73.9912,"B02617"
"5/7/2014 12:54:00",40.7043,-74.012,"B02617"
"5/7/2014 12:54:00",40.7743,-73.8728,"B02617"
"5/7/2014 12:55:00",40.7151,-74.0078,"B02617"
"5/7/2014 12:55:00",40.7384,-73.9892,"B02617"
"5/7/2014 12:55:00",40.6929,-73.9668,"B02617"
"5/7/2014 12:55:00",40.7236,-73.9938,"B02617"
"5/7/2014 12:56:00",40.7382,-73.9902,"B02617"
"5/7/2014 12:56:00",40.7151,-74.0098,"B02617"
"5/7/2014 12:56:00",40.7644,-73.9805,"B02617"
"5/7/2014 12:57:00",40.6679,-73.958,"B02617"
"5/7/2014 12:57:00",40.7443,-73.9919,"B02617"
"5/7/2014 12:57:00",40.893,-73.8995,"B02617"
"5/7/2014 12:57:00",40.7536,-73.9821,"B02617"
"5/7/2014 12:57:00",40.7159,-74.01,"B02617"
"5/7/2014 12:58:00",40.7756,-73.9858,"B02617"
"5/7/2014 12:58:00",40.7538,-73.9653,"B02617"
"5/7/2014 12:59:00",40.7612,-73.9731,"B02617"
"5/7/2014 12:59:00",40.7743,-73.9634,"B02617"
"5/7/2014 12:59:00",40.7731,-73.9665,"B02617"
"5/7/2014 13:00:00",40.7252,-73.999,"B02617"
"5/7/2014 13:00:00",40.7692,-73.9672,"B02617"
"5/7/2014 13:00:00",40.7254,-73.9897,"B02617"
"5/7/2014 13:01:00",40.6114,-73.9198,"B02617"
"5/7/2014 13:01:00",40.6754,-73.9779,"B02617"
"5/7/2014 13:02:00",40.7804,-73.9758,"B02617"
"5/7/2014 13:02:00",40.7554,-73.9752,"B02617"
"5/7/2014 13:02:00",40.7554,-73.9752,"B02617"
"5/7/2014 13:02:00",40.7554,-73.983,"B02617"
"5/7/2014 13:03:00",40.7951,-73.9353,"B02617"
"5/7/2014 13:04:00",40.7399,-73.9948,"B02617"
"5/7/2014 13:04:00",40.6267,-74.0308,"B02617"
"5/7/2014 13:04:00",40.7316,-73.9905,"B02617"
"5/7/2014 13:05:00",40.747,-73.9527,"B02617"
"5/7/2014 13:06:00",40.7608,-73.9715,"B02617"
"5/7/2014 13:06:00",40.695,-73.9197,"B02617"
"5/7/2014 13:06:00",40.7318,-73.9966,"B02617"
"5/7/2014 13:06:00",40.7511,-73.9905,"B02617"
"5/7/2014 13:06:00",40.7678,-73.8615,"B02617"
"5/7/2014 13:07:00",40.7689,-73.9822,"B02617"
"5/7/2014 13:07:00",40.7589,-73.9735,"B02617"
"5/7/2014 13:08:00",40.7153,-74.0111,"B02617"
"5/7/2014 13:08:00",40.6043,-73.9731,"B02617"
"5/7/2014 13:08:00",40.7614,-74.0002,"B02617"
"5/7/2014 13:09:00",40.7352,-74.0003,"B02617"
"5/7/2014 13:09:00",40.7196,-73.9895,"B02617"
"5/7/2014 13:10:00",40.7783,-73.9627,"B02617"
"5/7/2014 13:10:00",40.7424,-73.988,"B02617"
"5/7/2014 13:10:00",40.7939,-73.9513,"B02617"
"5/7/2014 13:11:00",40.6724,-73.9066,"B02617"
"5/7/2014 13:12:00",40.7583,-73.9732,"B02617"
"5/7/2014 13:13:00",40.7697,-73.9666,"B02617"
"5/7/2014 13:13:00",40.7368,-73.9785,"B02617"
"5/7/2014 13:14:00",40.7637,-73.968,"B02617"
"5/7/2014 13:14:00",40.7041,-74.0089,"B02617"
"5/7/2014 13:15:00",40.7364,-74.002,"B02617"
"5/7/2014 13:15:00",40.7218,-73.9837,"B02617"
"5/7/2014 13:15:00",40.7609,-73.9719,"B02617"
"5/7/2014 13:15:00",40.7353,-74.0098,"B02617"
"5/7/2014 13:16:00",40.7563,-73.9709,"B02617"
"5/7/2014 13:16:00",40.7479,-74.0067,"B02617"
"5/7/2014 13:16:00",40.7565,-73.9892,"B02617"
"5/7/2014 13:16:00",40.7565,-73.9892,"B02617"
"5/7/2014 13:17:00",40.7679,-73.9823,"B02617"
"5/7/2014 13:17:00",40.7194,-74.0071,"B02617"
"5/7/2014 13:18:00",40.7461,-74.0063,"B02617"
"5/7/2014 13:18:00",40.724,-74.0002,"B02617"
"5/7/2014 13:18:00",40.7538,-73.9774,"B02617"
"5/7/2014 13:19:00",40.7576,-73.9669,"B02617"
"5/7/2014 13:19:00",40.7463,-73.9934,"B02617"
"5/7/2014 13:20:00",40.757,-73.9782,"B02617"
"5/7/2014 13:20:00",40.7405,-73.938,"B02617"
"5/7/2014 13:21:00",40.7531,-73.98,"B02617"
"5/7/2014 13:21:00",40.7606,-73.9818,"B02617"
"5/7/2014 13:21:00",40.7428,-73.9866,"B02617"
"5/7/2014 13:21:00",40.6925,-73.9971,"B02617"
"5/7/2014 13:22:00",40.7448,-73.9888,"B02617"
"5/7/2014 13:22:00",40.7102,-74.0086,"B02617"
"5/7/2014 13:23:00",40.727,-73.9878,"B02617"
"5/7/2014 13:23:00",40.7334,-73.9931,"B02617"
"5/7/2014 13:24:00",40.7607,-73.9579,"B02617"
"5/7/2014 13:24:00",40.7432,-73.9823,"B02617"
"5/7/2014 13:24:00",40.8859,-73.9129,"B02617"
"5/7/2014 13:24:00",40.7178,-74.0031,"B02617"
"5/7/2014 13:25:00",40.7692,-73.8657,"B02617"
"5/7/2014 13:26:00",40.6487,-73.7834,"B02617"
"5/7/2014 13:27:00",40.7677,-73.8613,"B02617"
"5/7/2014 13:28:00",40.7519,-73.978,"B02617"
"5/7/2014 13:29:00",40.7875,-73.9544,"B02617"
"5/7/2014 13:29:00",40.7162,-73.961,"B02617"
"5/7/2014 13:29:00",40.7913,-73.9533,"B02617"
"5/7/2014 13:29:00",40.7195,-74.0005,"B02617"
"5/7/2014 13:30:00",40.7541,-73.9745,"B02617"
"5/7/2014 13:31:00",40.7471,-73.993,"B02617"
"5/7/2014 13:31:00",40.6856,-73.9763,"B02617"
"5/7/2014 13:31:00",40.7743,-73.8724,"B02617"
"5/7/2014 13:31:00",40.6974,-73.9841,"B02617"
"5/7/2014 13:32:00",40.717,-74.0327,"B02617"
"5/7/2014 13:32:00",40.7525,-73.9954,"B02617"
"5/7/2014 13:33:00",40.7649,-73.9832,"B02617"
"5/7/2014 13:34:00",40.7024,-74.0129,"B02617"
"5/7/2014 13:36:00",40.7582,-73.9753,"B02617"
"5/7/2014 13:36:00",40.7582,-73.9753,"B02617"
"5/7/2014 13:36:00",40.7524,-73.9918,"B02617"
"5/7/2014 13:36:00",40.7652,-73.9643,"B02617"
"5/7/2014 13:36:00",40.6834,-73.965,"B02617"
"5/7/2014 13:37:00",40.6928,-73.9708,"B02617"
"5/7/2014 13:37:00",40.7044,-74.0116,"B02617"
"5/7/2014 13:37:00",40.7417,-73.9937,"B02617"
"5/7/2014 13:37:00",40.7316,-73.9743,"B02617"
"5/7/2014 13:38:00",40.7513,-74.0068,"B02617"
"5/7/2014 13:38:00",40.748,-74.0067,"B02617"
"5/7/2014 13:40:00",40.7619,-73.9721,"B02617"
"5/7/2014 13:40:00",40.7369,-73.9899,"B02617"
"5/7/2014 13:40:00",40.7486,-73.9927,"B02617"
"5/7/2014 13:41:00",40.7643,-73.9692,"B02617"
"5/7/2014 13:42:00",40.7304,-74.0091,"B02617"
"5/7/2014 13:42:00",40.7643,-73.973,"B02617"
"5/7/2014 13:42:00",40.6449,-73.7819,"B02617"
"5/7/2014 13:42:00",40.7574,-73.988,"B02617"
"5/7/2014 13:43:00",40.7903,-73.9717,"B02617"
"5/7/2014 13:43:00",40.7558,-73.9707,"B02617"
"5/7/2014 13:43:00",40.7484,-73.989,"B02617"
"5/7/2014 13:43:00",40.7724,-73.8946,"B02617"
"5/7/2014 13:43:00",40.7501,-73.9792,"B02617"
"5/7/2014 13:43:00",40.7648,-73.9529,"B02617"
"5/7/2014 13:43:00",40.7648,-73.9529,"B02617"
"5/7/2014 13:43:00",40.7586,-73.9771,"B02617"
"5/7/2014 13:43:00",40.7245,-73.9916,"B02617"
"5/7/2014 13:44:00",40.756,-73.9754,"B02617"
"5/7/2014 13:44:00",40.7663,-73.9818,"B02617"
"5/7/2014 13:44:00",40.7757,-73.9833,"B02617"
"5/7/2014 13:44:00",40.7229,-74.0082,"B02617"
"5/7/2014 13:45:00",40.7677,-73.9818,"B02617"
"5/7/2014 13:46:00",40.7547,-73.9996,"B02617"
"5/7/2014 13:46:00",40.7152,-74.0022,"B02617"
"5/7/2014 13:46:00",40.7691,-73.9945,"B02617"
"5/7/2014 13:46:00",40.7757,-73.9442,"B02617"
"5/7/2014 13:46:00",40.7615,-73.9701,"B02617"
"5/7/2014 13:47:00",40.645,-73.7819,"B02617"
"5/7/2014 13:47:00",40.73,-74.0021,"B02617"
"5/7/2014 13:47:00",40.7375,-73.9895,"B02617"
"5/7/2014 13:47:00",40.7208,-73.9861,"B02617"
"5/7/2014 13:48:00",40.7382,-74.0093,"B02617"
"5/7/2014 13:51:00",40.7397,-74.0026,"B02617"
"5/7/2014 13:51:00",40.7603,-73.9802,"B02617"
"5/7/2014 13:51:00",40.7603,-73.9802,"B02617"
"5/7/2014 13:51:00",40.7076,-74.0039,"B02617"
"5/7/2014 13:51:00",40.7076,-74.0039,"B02617"
"5/7/2014 13:51:00",40.7445,-73.9833,"B02617"
"5/7/2014 13:51:00",40.7341,-74.0025,"B02617"
"5/7/2014 13:52:00",40.7679,-73.9836,"B02617"
"5/7/2014 13:52:00",40.7498,-73.9699,"B02617"
"5/7/2014 13:53:00",40.757,-73.9773,"B02617"
"5/7/2014 13:53:00",40.6977,-73.9679,"B02617"
"5/7/2014 13:53:00",40.7079,-74.0058,"B02617"
"5/7/2014 13:53:00",40.7447,-73.9831,"B02617"
"5/7/2014 13:54:00",40.7686,-73.8626,"B02617"
"5/7/2014 13:54:00",40.7429,-73.9913,"B02617"
"5/7/2014 13:54:00",40.7513,-74.0069,"B02617"
"5/7/2014 13:54:00",40.7335,-73.99,"B02617"
"5/7/2014 13:55:00",40.7611,-73.9714,"B02617"
"5/7/2014 13:55:00",40.7506,-73.9734,"B02617"
"5/7/2014 13:55:00",40.757,-73.9768,"B02617"
"5/7/2014 13:56:00",40.7204,-73.994,"B02617"
"5/7/2014 13:57:00",40.7265,-73.9408,"B02617"
"5/7/2014 13:57:00",40.7804,-73.9611,"B02617"
"5/7/2014 13:57:00",40.7586,-73.9871,"B02617"
"5/7/2014 13:57:00",40.7259,-73.9919,"B02617"
"5/7/2014 13:59:00",40.6337,-73.8924,"B02617"
"5/7/2014 13:59:00",40.7536,-73.9925,"B02617"
"5/7/2014 13:59:00",40.7457,-74.0058,"B02617"
"5/7/2014 13:59:00",40.7481,-74.0003,"B02617"
"5/7/2014 14:00:00",40.7741,-73.8725,"B02617"
"5/7/2014 14:00:00",40.7421,-74.0045,"B02617"
"5/7/2014 14:01:00",40.7033,-74.0144,"B02617"
"5/7/2014 14:01:00",40.7499,-74.0026,"B02617"
"5/7/2014 14:01:00",40.7028,-74.0114,"B02617"
"5/7/2014 14:01:00",40.7507,-73.9774,"B02617"
"5/7/2014 14:01:00",40.6949,-74.178,"B02617"
"5/7/2014 14:02:00",40.7382,-74.0094,"B02617"
"5/7/2014 14:02:00",40.7848,-73.9539,"B02617"
"5/7/2014 14:02:00",40.7638,-73.9796,"B02617"
"5/7/2014 14:03:00",40.7239,-74.006,"B02617"
"5/7/2014 14:03:00",40.7502,-73.9879,"B02617"
"5/7/2014 14:04:00",40.7424,-73.9836,"B02617"
"5/7/2014 14:04:00",40.7633,-73.9741,"B02617"
"5/7/2014 14:04:00",40.7633,-73.9741,"B02617"
"5/7/2014 14:04:00",40.7233,-74.0061,"B02617"
"5/7/2014 14:04:00",40.7638,-73.9733,"B02617"
"5/7/2014 14:04:00",40.7761,-73.9603,"B02617"
"5/7/2014 14:04:00",40.7615,-73.9867,"B02617"
"5/7/2014 14:05:00",40.7963,-73.9253,"B02617"
"5/7/2014 14:05:00",40.7446,-73.9905,"B02617"
"5/7/2014 14:05:00",40.7455,-74.0085,"B02617"
"5/7/2014 14:05:00",40.7543,-73.9746,"B02617"
"5/7/2014 14:05:00",40.7543,-73.9746,"B02617"
"5/7/2014 14:06:00",40.7735,-73.9449,"B02617"
"5/7/2014 14:06:00",40.7399,-73.9896,"B02617"
"5/7/2014 14:07:00",40.6897,-73.916,"B02617"
"5/7/2014 14:07:00",40.7743,-73.8725,"B02617"
"5/7/2014 14:08:00",40.7303,-73.9862,"B02617"
"5/7/2014 14:08:00",40.7654,-73.9708,"B02617"
"5/7/2014 14:09:00",40.7657,-73.9707,"B02617"
"5/7/2014 14:10:00",40.7356,-74.0031,"B02617"
"5/7/2014 14:10:00",40.7623,-73.9826,"B02617"
"5/7/2014 14:11:00",40.7462,-73.9827,"B02617"
"5/7/2014 14:11:00",40.7214,-73.9985,"B02617"
"5/7/2014 14:11:00",40.7562,-73.9728,"B02617"
"5/7/2014 14:12:00",40.7732,-73.8856,"B02617"
"5/7/2014 14:12:00",40.7336,-73.9598,"B02617"
"5/7/2014 14:12:00",40.79,-73.9499,"B02617"
"5/7/2014 14:13:00",40.6734,-73.9334,"B02617"
"5/7/2014 14:13:00",40.7592,-73.9925,"B02617"
"5/7/2014 14:14:00",40.6774,-73.9871,"B02617"
"5/7/2014 14:14:00",40.7636,-73.9694,"B02617"
"5/7/2014 14:15:00",40.7599,-73.9963,"B02617"
"5/7/2014 14:15:00",40.7646,-73.9778,"B02617"
"5/7/2014 14:15:00",40.7402,-73.9858,"B02617"
"5/7/2014 14:15:00",40.7678,-73.88,"B02617"
"5/7/2014 14:15:00",40.7827,-73.957,"B02617"
"5/7/2014 14:16:00",40.7901,-73.9707,"B02617"
"5/7/2014 14:16:00",40.7527,-73.9965,"B02617"
"5/7/2014 14:16:00",40.732,-73.9939,"B02617"
"5/7/2014 14:16:00",40.732,-73.9939,"B02617"
"5/7/2014 14:16:00",40.7887,-74.0447,"B02617"
"5/7/2014 14:17:00",40.6823,-73.9957,"B02617"
"5/7/2014 14:17:00",40.7535,-73.9774,"B02617"
"5/7/2014 14:17:00",40.7182,-73.9977,"B02617"
"5/7/2014 14:18:00",40.7626,-73.9739,"B02617"
"5/7/2014 14:18:00",40.7503,-73.9401,"B02617"
"5/7/2014 14:18:00",40.7275,-73.9939,"B02617"
"5/7/2014 14:19:00",40.6817,-73.9769,"B02617"
"5/7/2014 14:19:00",40.7796,-73.9458,"B02617"
"5/7/2014 14:19:00",40.7796,-73.9458,"B02617"
"5/7/2014 14:19:00",40.7546,-73.9794,"B02617"
"5/7/2014 14:20:00",40.6449,-73.782,"B02617"
"5/7/2014 14:20:00",40.7643,-73.9686,"B02617"
"5/7/2014 14:20:00",40.7345,-73.7856,"B02617"
"5/7/2014 14:20:00",40.7601,-73.976,"B02617"
"5/7/2014 14:20:00",40.7425,-73.9918,"B02617"
"5/7/2014 14:20:00",40.7371,-73.9829,"B02617"
"5/7/2014 14:21:00",40.7036,-74.013,"B02617"
"5/7/2014 14:21:00",40.7644,-73.9885,"B02617"
"5/7/2014 14:21:00",40.751,-73.9983,"B02617"
"5/7/2014 14:22:00",40.7345,-74.0058,"B02617"
"5/7/2014 14:22:00",40.7419,-73.9748,"B02617"
"5/7/2014 14:22:00",40.7528,-73.9793,"B02617"
"5/7/2014 14:22:00",40.7505,-73.9983,"B02617"
"5/7/2014 14:22:00",40.8994,-73.9011,"B02617"
"5/7/2014 14:22:00",40.7621,-73.9672,"B02617"
"5/7/2014 14:22:00",40.7213,-73.9948,"B02617"
"5/7/2014 14:23:00",40.7541,-73.985,"B02617"
"5/7/2014 14:24:00",40.7515,-73.9702,"B02617"
"5/7/2014 14:24:00",40.7515,-73.9702,"B02617"
"5/7/2014 14:24:00",40.6446,-73.7825,"B02617"
"5/7/2014 14:25:00",40.7388,-74.0074,"B02617"
"5/7/2014 14:25:00",40.7044,-73.9868,"B02617"
"5/7/2014 14:25:00",40.7044,-73.9868,"B02617"
"5/7/2014 14:25:00",40.6854,-73.989,"B02617"
"5/7/2014 14:26:00",40.7198,-73.9847,"B02617"
"5/7/2014 14:26:00",40.7582,-73.9753,"B02617"
"5/7/2014 14:27:00",40.7733,-73.9663,"B02617"
"5/7/2014 14:27:00",40.7202,-74.0051,"B02617"
"5/7/2014 14:27:00",40.7248,-73.9995,"B02617"
"5/7/2014 14:27:00",40.7675,-73.8666,"B02617"
"5/7/2014 14:27:00",40.7559,-73.9794,"B02617"
"5/7/2014 14:27:00",40.7098,-74.0137,"B02617"
"5/7/2014 14:27:00",40.7512,-73.9777,"B02617"
"5/7/2014 14:28:00",40.7066,-73.7499,"B02617"
"5/7/2014 14:29:00",40.7523,-73.9937,"B02617"
"5/7/2014 14:30:00",40.6416,-73.7885,"B02617"
"5/7/2014 14:30:00",40.7407,-73.9946,"B02617"
"5/7/2014 14:30:00",40.7593,-73.9856,"B02617"
"5/7/2014 14:30:00",40.7598,-73.9684,"B02617"
"5/7/2014 14:30:00",40.7678,-73.9957,"B02617"
"5/7/2014 14:31:00",40.7196,-74.0018,"B02617"
"5/7/2014 14:31:00",40.7466,-73.9437,"B02617"
"5/7/2014 14:31:00",40.751,-74.0055,"B02617"
"5/7/2014 14:31:00",40.7438,-73.9904,"B02617"
"5/7/2014 14:31:00",40.7683,-73.8621,"B02617"
"5/7/2014 14:32:00",40.7632,-73.9778,"B02617"
"5/7/2014 14:32:00",40.7414,-73.9914,"B02617"
"5/7/2014 14:32:00",40.7538,-73.9875,"B02617"
"5/7/2014 14:32:00",40.7182,-74.003,"B02617"
"5/7/2014 14:33:00",40.7242,-73.9967,"B02617"
"5/7/2014 14:33:00",40.7485,-74.0035,"B02617"
"5/7/2014 14:33:00",40.7578,-73.9852,"B02617"
"5/7/2014 14:33:00",40.7549,-73.9881,"B02617"
"5/7/2014 14:34:00",40.8061,-73.9554,"B02617"
"5/7/2014 14:34:00",40.752,-73.9819,"B02617"
"5/7/2014 14:34:00",40.7485,-73.9391,"B02617"
"5/7/2014 14:34:00",40.7552,-73.9735,"B02617"
"5/7/2014 14:35:00",40.7581,-73.9928,"B02617"
"5/7/2014 14:35:00",40.7091,-74.0168,"B02617"
"5/7/2014 14:35:00",40.7499,-74.0026,"B02617"
"5/7/2014 14:35:00",40.7461,-73.9822,"B02617"
"5/7/2014 14:36:00",40.7738,-73.8714,"B02617"
"5/7/2014 14:37:00",40.879,-73.9052,"B02617"
"5/7/2014 14:37:00",40.7486,-73.977,"B02617"
"5/7/2014 14:37:00",40.7506,-73.9776,"B02617"
"5/7/2014 14:37:00",40.6949,-74.1778,"B02617"
"5/7/2014 14:38:00",40.7368,-73.9954,"B02617"
"5/7/2014 14:38:00",40.791,-73.9689,"B02617"
"5/7/2014 14:38:00",40.7266,-74.0075,"B02617"
"5/7/2014 14:38:00",40.706,-73.9615,"B02617"
"5/7/2014 14:38:00",40.7284,-74.0054,"B02617"
"5/7/2014 14:38:00",40.7736,-73.9888,"B02617"
"5/7/2014 14:39:00",40.7633,-73.9664,"B02617"
"5/7/2014 14:39:00",40.7796,-73.9461,"B02617"
"5/7/2014 14:39:00",40.7747,-73.963,"B02617"
"5/7/2014 14:40:00",40.7346,-74.01,"B02617"
"5/7/2014 14:40:00",40.7527,-73.9727,"B02617"
"5/7/2014 14:40:00",40.74,-74.0029,"B02617"
"5/7/2014 14:40:00",40.7458,-73.9719,"B02617"
"5/7/2014 14:40:00",40.7529,-73.9855,"B02617"
"5/7/2014 14:40:00",40.803,-73.9447,"B02617"
"5/7/2014 14:40:00",40.6954,-73.9714,"B02617"
"5/7/2014 14:41:00",40.7312,-74.0089,"B02617"
"5/7/2014 14:41:00",40.7228,-74.0013,"B02617"
"5/7/2014 14:41:00",40.7624,-73.9724,"B02617"
"5/7/2014 14:42:00",40.7603,-73.9667,"B02617"
"5/7/2014 14:43:00",40.7469,-73.9836,"B02617"
"5/7/2014 14:43:00",40.7403,-73.9957,"B02617"
"5/7/2014 14:43:00",40.6461,-73.7769,"B02617"
"5/7/2014 14:43:00",40.7914,-73.9526,"B02617"
"5/7/2014 14:43:00",40.7686,-73.8627,"B02617"
"5/7/2014 14:43:00",40.713,-74.0068,"B02617"
"5/7/2014 14:43:00",40.713,-74.0068,"B02617"
"5/7/2014 14:45:00",40.7641,-73.9689,"B02617"
"5/7/2014 14:45:00",40.7679,-73.9683,"B02617"
"5/7/2014 14:45:00",40.7434,-73.9846,"B02617"
"5/7/2014 14:45:00",40.758,-73.9643,"B02617"
"5/7/2014 14:45:00",40.7376,-73.9803,"B02617"
"5/7/2014 14:45:00",40.7305,-73.9905,"B02617"
"5/7/2014 14:45:00",40.7439,-73.989,"B02617"
"5/7/2014 14:45:00",40.7006,-73.8161,"B02617"
"5/7/2014 14:45:00",40.7302,-73.9936,"B02617"
"5/7/2014 14:46:00",40.7226,-74.004,"B02617"
"5/7/2014 14:46:00",40.7751,-73.9568,"B02617"
"5/7/2014 14:47:00",40.7627,-73.9744,"B02617"
"5/7/2014 14:47:00",40.7833,-73.951,"B02617"
"5/7/2014 14:47:00",40.7448,-73.9896,"B02617"
"5/7/2014 14:47:00",40.7642,-73.9728,"B02617"
"5/7/2014 14:47:00",40.7191,-74.0087,"B02617"
"5/7/2014 14:47:00",40.7468,-73.9847,"B02617"
"5/7/2014 14:48:00",40.7559,-73.971,"B02617"
"5/7/2014 14:48:00",40.7741,-73.8726,"B02617"
"5/7/2014 14:48:00",40.7741,-73.8726,"B02617"
"5/7/2014 14:49:00",40.7497,-73.9826,"B02617"
"5/7/2014 14:49:00",40.7234,-74.001,"B02617"
"5/7/2014 14:49:00",40.7159,-74.0151,"B02617"
"5/7/2014 14:50:00",40.7214,-74.0087,"B02617"
"5/7/2014 14:50:00",40.7377,-73.9898,"B02617"
"5/7/2014 14:50:00",40.7584,-73.9734,"B02617"
"5/7/2014 14:51:00",40.645,-73.7818,"B02617"
"5/7/2014 14:51:00",40.7203,-73.9981,"B02617"
"5/7/2014 14:52:00",40.7301,-74.0069,"B02617"
"5/7/2014 14:52:00",40.799,-73.9619,"B02617"
"5/7/2014 14:52:00",40.7504,-73.9945,"B02617"
"5/7/2014 14:52:00",40.7554,-73.984,"B02617"
"5/7/2014 14:52:00",40.7467,-73.9857,"B02617"
"5/7/2014 14:53:00",40.7619,-73.9841,"B02617"
"5/7/2014 14:53:00",40.6738,-73.9546,"B02617"
"5/7/2014 14:53:00",40.6462,-73.7769,"B02617"
"5/7/2014 14:54:00",40.7446,-73.9953,"B02617"
"5/7/2014 14:55:00",40.7508,-73.9945,"B02617"
"5/7/2014 14:55:00",40.726,-74.0074,"B02617"
"5/7/2014 14:55:00",40.7545,-73.9887,"B02617"
"5/7/2014 14:55:00",40.7628,-73.9628,"B02617"
"5/7/2014 14:55:00",40.764,-73.9786,"B02617"
"5/7/2014 14:55:00",40.7552,-73.9809,"B02617"
"5/7/2014 14:56:00",40.7508,-73.9842,"B02617"
"5/7/2014 14:56:00",40.7666,-73.953,"B02617"
"5/7/2014 14:57:00",40.7551,-73.9841,"B02617"
"5/7/2014 14:57:00",40.7551,-73.9841,"B02617"
"5/7/2014 14:57:00",40.7385,-73.9901,"B02617"
"5/7/2014 14:57:00",40.7598,-73.9717,"B02617"
"5/7/2014 14:57:00",40.7202,-73.9994,"B02617"
"5/7/2014 14:58:00",40.7483,-73.9927,"B02617"
"5/7/2014 14:58:00",40.7725,-73.9669,"B02617"
"5/7/2014 14:59:00",40.7492,-73.9879,"B02617"
"5/7/2014 14:59:00",40.6449,-73.7822,"B02617"
"5/7/2014 14:59:00",40.746,-73.973,"B02617"
"5/7/2014 14:59:00",40.7189,-73.9872,"B02617"
"5/7/2014 14:59:00",40.7189,-73.9872,"B02617"
"5/7/2014 15:00:00",40.6449,-73.782,"B02617"
"5/7/2014 15:00:00",40.7169,-74.0081,"B02617"
"5/7/2014 15:01:00",40.7369,-74.0037,"B02617"
"5/7/2014 15:01:00",40.7963,-73.9251,"B02617"
"5/7/2014 15:02:00",40.768,-73.9954,"B02617"
"5/7/2014 15:02:00",40.7031,-73.9861,"B02617"
"5/7/2014 15:02:00",40.7405,-74.0056,"B02617"
"5/7/2014 15:02:00",40.7101,-74.0096,"B02617"
"5/7/2014 15:03:00",40.7601,-73.9852,"B02617"
"5/7/2014 15:03:00",40.7357,-74.0006,"B02617"
"5/7/2014 15:03:00",40.7237,-73.9982,"B02617"
"5/7/2014 15:03:00",40.7537,-73.9721,"B02617"
"5/7/2014 15:04:00",40.7457,-73.9824,"B02617"
"5/7/2014 15:04:00",40.7034,-74.0144,"B02617"
"5/7/2014 15:05:00",40.7558,-73.9705,"B02617"
"5/7/2014 15:05:00",40.7153,-74.0158,"B02617"
"5/7/2014 15:05:00",40.7561,-73.9769,"B02617"
"5/7/2014 15:06:00",40.7583,-73.9703,"B02617"
"5/7/2014 15:06:00",40.7641,-73.9782,"B02617"
"5/7/2014 15:06:00",40.7052,-74.0174,"B02617"
"5/7/2014 15:07:00",40.7623,-73.9744,"B02617"
"5/7/2014 15:07:00",40.747,-74.0065,"B02617"
"5/7/2014 15:07:00",40.7479,-73.9849,"B02617"
"5/7/2014 15:07:00",40.7479,-73.9849,"B02617"
"5/7/2014 15:07:00",40.7553,-73.9736,"B02617"
"5/7/2014 15:07:00",40.6675,-73.9828,"B02617"
"5/7/2014 15:08:00",40.7118,-73.9627,"B02617"
"5/7/2014 15:08:00",40.7548,-73.9736,"B02617"
"5/7/2014 15:08:00",40.7259,-74.004,"B02617"
"5/7/2014 15:08:00",40.743,-73.9873,"B02617"
"5/7/2014 15:09:00",40.7972,-73.968,"B02617"
"5/7/2014 15:09:00",40.7592,-73.9724,"B02617"
"5/7/2014 15:09:00",40.715,-74.0118,"B02617"
"5/7/2014 15:09:00",40.7425,-73.9931,"B02617"
"5/7/2014 15:09:00",40.7696,-73.9951,"B02617"
"5/7/2014 15:10:00",40.7777,-73.9532,"B02617"
"5/7/2014 15:10:00",40.7777,-73.9532,"B02617"
"5/7/2014 15:11:00",40.7521,-73.9776,"B02617"
"5/7/2014 15:11:00",40.7643,-73.9738,"B02617"
"5/7/2014 15:11:00",40.6732,-73.9928,"B02617"
"5/7/2014 15:11:00",40.7567,-73.9768,"B02617"
"5/7/2014 15:11:00",40.7514,-73.994,"B02617"
"5/7/2014 15:12:00",40.6949,-74.1779,"B02617"
"5/7/2014 15:12:00",40.7526,-73.9739,"B02617"
"5/7/2014 15:13:00",40.7765,-73.9626,"B02617"
"5/7/2014 15:13:00",40.7498,-74.0027,"B02617"
"5/7/2014 15:13:00",40.7294,-73.99,"B02617"
"5/7/2014 15:13:00",40.7,-73.9484,"B02617"
"5/7/2014 15:14:00",40.7106,-73.9663,"B02617"
"5/7/2014 15:14:00",40.7704,-73.8752,"B02617"
"5/7/2014 15:14:00",40.7619,-73.9849,"B02617"
"5/7/2014 15:14:00",40.743,-73.9772,"B02617"
"5/7/2014 15:15:00",40.7037,-73.9866,"B02617"
"5/7/2014 15:15:00",40.7272,-74.0055,"B02617"
"5/7/2014 15:15:00",40.7657,-73.9546,"B02617"
"5/7/2014 15:15:00",40.7448,-73.9869,"B02617"
"5/7/2014 15:15:00",40.774,-73.8723,"B02617"
"5/7/2014 15:16:00",40.7629,-73.9695,"B02617"
"5/7/2014 15:17:00",40.7696,-73.9897,"B02617"
"5/7/2014 15:17:00",40.7905,-73.9729,"B02617"
"5/7/2014 15:17:00",40.7582,-73.96,"B02617"
"5/7/2014 15:17:00",40.7219,-74.0027,"B02617"
"5/7/2014 15:17:00",40.7172,-74.0329,"B02617"
"5/7/2014 15:17:00",40.7152,-74.0159,"B02617"
"5/7/2014 15:18:00",40.7172,-73.9913,"B02617"
"5/7/2014 15:18:00",40.6871,-73.9362,"B02617"
"5/7/2014 15:18:00",40.7513,-74.0068,"B02617"
"5/7/2014 15:18:00",40.6776,-73.9498,"B02617"
"5/7/2014 15:18:00",40.7238,-73.9981,"B02617"
"5/7/2014 15:18:00",40.75,-73.9748,"B02617"
"5/7/2014 15:18:00",40.7614,-73.9709,"B02617"
"5/7/2014 15:19:00",40.7153,-74.0164,"B02617"
"5/7/2014 15:19:00",40.7622,-73.9632,"B02617"
"5/7/2014 15:19:00",40.7709,-73.8659,"B02617"
"5/7/2014 15:19:00",40.7995,-73.9634,"B02617"
"5/7/2014 15:20:00",40.7463,-73.9861,"B02617"
"5/7/2014 15:20:00",40.7516,-73.9798,"B02617"
"5/7/2014 15:20:00",40.7105,-73.9662,"B02617"
"5/7/2014 15:20:00",40.7722,-73.9879,"B02617"
"5/7/2014 15:21:00",40.7683,-73.9691,"B02617"
"5/7/2014 15:21:00",40.7683,-73.9691,"B02617"
"5/7/2014 15:21:00",40.7526,-73.9748,"B02617"
"5/7/2014 15:22:00",40.7462,-73.9725,"B02617"
"5/7/2014 15:22:00",40.7225,-73.9825,"B02617"
"5/7/2014 15:22:00",40.7642,-73.9733,"B02617"
"5/7/2014 15:22:00",40.7609,-73.9691,"B02617"
"5/7/2014 15:22:00",40.7605,-73.9582,"B02617"
"5/7/2014 15:22:00",40.7425,-73.9846,"B02617"
"5/7/2014 15:23:00",40.7227,-74.0013,"B02617"
"5/7/2014 15:23:00",40.7703,-73.8651,"B02617"
"5/7/2014 15:23:00",40.7488,-73.9822,"B02617"
"5/7/2014 15:23:00",40.7642,-73.9738,"B02617"
"5/7/2014 15:23:00",40.7587,-73.9738,"B02617"
"5/7/2014 15:24:00",40.7829,-73.9778,"B02617"
"5/7/2014 15:24:00",40.7562,-73.9981,"B02617"
"5/7/2014 15:25:00",40.7483,-73.9747,"B02617"
"5/7/2014 15:25:00",40.7483,-73.9747,"B02617"
"5/7/2014 15:25:00",40.7652,-73.975,"B02617"
"5/7/2014 15:26:00",40.7598,-73.9919,"B02617"
"5/7/2014 15:26:00",40.7517,-73.9787,"B02617"
"5/7/2014 15:26:00",40.7231,-73.9969,"B02617"
"5/7/2014 15:26:00",40.7473,-73.9912,"B02617"
"5/7/2014 15:26:00",40.7087,-74.0007,"B02617"
"5/7/2014 15:27:00",40.7613,-73.9697,"B02617"
"5/7/2014 15:27:00",40.7579,-73.9754,"B02617"
"5/7/2014 15:27:00",40.7444,-73.9747,"B02617"
"5/7/2014 15:27:00",40.7203,-73.9981,"B02617"
"5/7/2014 15:28:00",40.7506,-73.9821,"B02617"
"5/7/2014 15:28:00",40.7368,-73.9888,"B02617"
"5/7/2014 15:28:00",40.7528,-73.9891,"B02617"
"5/7/2014 15:29:00",40.7514,-74.0067,"B02617"
"5/7/2014 15:30:00",40.7405,-74.0057,"B02617"
"5/7/2014 15:30:00",40.7407,-73.986,"B02617"
"5/7/2014 15:30:00",40.707,-74.0044,"B02617"
"5/7/2014 15:30:00",40.7333,-73.9932,"B02617"
"5/7/2014 15:30:00",40.7494,-73.9754,"B02617"
"5/7/2014 15:30:00",40.7674,-73.9535,"B02617"
"5/7/2014 15:31:00",40.7073,-73.9449,"B02617"
"5/7/2014 15:31:00",40.7504,-73.9735,"B02617"
"5/7/2014 15:32:00",40.8003,-73.9585,"B02617"
"5/7/2014 15:32:00",40.7462,-73.9799,"B02617"
"5/7/2014 15:32:00",40.7858,-73.9816,"B02617"
"5/7/2014 15:32:00",40.7649,-73.9683,"B02617"
"5/7/2014 15:33:00",40.7633,-73.9781,"B02617"
"5/7/2014 15:33:00",40.7498,-73.9916,"B02617"
"5/7/2014 15:33:00",40.7502,-73.9862,"B02617"
"5/7/2014 15:34:00",40.7523,-73.9732,"B02617"
"5/7/2014 15:34:00",40.7551,-73.9964,"B02617"
"5/7/2014 15:34:00",40.7509,-73.987,"B02617"
"5/7/2014 15:35:00",40.758,-73.9681,"B02617"
"5/7/2014 15:35:00",40.7741,-73.8726,"B02617"
"5/7/2014 15:35:00",40.7174,-74.0036,"B02617"
"5/7/2014 15:35:00",40.7215,-73.9992,"B02617"
"5/7/2014 15:35:00",40.7528,-73.9793,"B02617"
"5/7/2014 15:36:00",40.7532,-73.9842,"B02617"
"5/7/2014 15:37:00",40.7575,-73.9694,"B02617"
"5/7/2014 15:37:00",40.7678,-73.9703,"B02617"
"5/7/2014 15:37:00",40.7559,-73.9861,"B02617"
"5/7/2014 15:37:00",40.7518,-73.9946,"B02617"
"5/7/2014 15:37:00",40.7527,-73.9844,"B02617"
"5/7/2014 15:37:00",40.7657,-73.97,"B02617"
"5/7/2014 15:37:00",40.7471,-73.9884,"B02617"
"5/7/2014 15:38:00",40.7627,-73.9741,"B02617"
"5/7/2014 15:38:00",40.7468,-73.9915,"B02617"
"5/7/2014 15:38:00",40.7628,-73.9697,"B02617"
"5/7/2014 15:38:00",40.7237,-74.0036,"B02617"
"5/7/2014 15:38:00",40.7503,-73.9948,"B02617"
"5/7/2014 15:39:00",40.7702,-73.9805,"B02617"
"5/7/2014 15:39:00",40.7607,-73.9672,"B02617"
"5/7/2014 15:39:00",40.7531,-73.9787,"B02617"
"5/7/2014 15:39:00",40.708,-74.0071,"B02617"
"5/7/2014 15:39:00",40.721,-73.9555,"B02617"
"5/7/2014 15:39:00",40.7741,-73.872,"B02617"
"5/7/2014 15:39:00",40.7597,-73.9698,"B02617"
"5/7/2014 15:39:00",40.6968,-73.9831,"B02617"
"5/7/2014 15:40:00",40.7684,-73.9825,"B02617"
"5/7/2014 15:40:00",40.6915,-73.9844,"B02617"
"5/7/2014 15:40:00",40.7349,-73.987,"B02617"
"5/7/2014 15:40:00",40.7309,-73.9912,"B02617"
"5/7/2014 15:41:00",40.7397,-73.9867,"B02617"
"5/7/2014 15:41:00",40.7558,-73.9791,"B02617"
"5/7/2014 15:41:00",40.7558,-73.9768,"B02617"
"5/7/2014 15:41:00",40.7664,-73.982,"B02617"
"5/7/2014 15:41:00",40.7528,-73.9893,"B02617"
"5/7/2014 15:41:00",40.7568,-73.9828,"B02617"
"5/7/2014 15:42:00",40.7621,-74.0008,"B02617"
"5/7/2014 15:42:00",40.7511,-73.9942,"B02617"
"5/7/2014 15:42:00",40.7427,-73.9807,"B02617"
"5/7/2014 15:42:00",40.7739,-73.9584,"B02617"
"5/7/2014 15:43:00",40.7407,-73.9934,"B02617"
"5/7/2014 15:43:00",40.6025,-73.9862,"B02617"
"5/7/2014 15:44:00",40.7724,-73.9886,"B02617"
"5/7/2014 15:45:00",40.7449,-73.9951,"B02617"
"5/7/2014 15:45:00",40.7449,-73.9951,"B02617"
"5/7/2014 15:45:00",40.7248,-74.0045,"B02617"
"5/7/2014 15:45:00",40.7533,-73.9961,"B02617"
"5/7/2014 15:45:00",40.7427,-74.0074,"B02617"
"5/7/2014 15:45:00",40.726,-74.0097,"B02617"
"5/7/2014 15:45:00",40.726,-74.0097,"B02617"
"5/7/2014 15:45:00",40.7739,-73.8724,"B02617"
"5/7/2014 15:46:00",40.7255,-73.999,"B02617"
"5/7/2014 15:46:00",40.7042,-74.0114,"B02617"
"5/7/2014 15:46:00",40.7051,-74.0107,"B02617"
"5/7/2014 15:46:00",40.7715,-73.9656,"B02617"
"5/7/2014 15:47:00",40.7619,-73.9814,"B02617"
"5/7/2014 15:47:00",40.7022,-74.0111,"B02617"
"5/7/2014 15:47:00",40.7604,-73.9752,"B02617"
"5/7/2014 15:47:00",40.7261,-73.9918,"B02617"
"5/7/2014 15:47:00",40.7291,-73.9941,"B02617"
"5/7/2014 15:47:00",40.7395,-73.9912,"B02617"
"5/7/2014 15:48:00",40.7186,-74.0004,"B02617"
"5/7/2014 15:48:00",40.8895,-73.9056,"B02617"
"5/7/2014 15:48:00",40.7438,-73.9838,"B02617"
"5/7/2014 15:49:00",40.7309,-74.0061,"B02617"
"5/7/2014 15:49:00",40.7309,-74.0061,"B02617"
"5/7/2014 15:49:00",40.7367,-73.9889,"B02617"
"5/7/2014 15:49:00",40.6893,-73.9372,"B02617"
"5/7/2014 15:49:00",40.7202,-74.0106,"B02617"
"5/7/2014 15:50:00",40.7543,-73.9984,"B02617"
"5/7/2014 15:50:00",40.7867,-73.9704,"B02617"
"5/7/2014 15:50:00",40.707,-74.0044,"B02617"
"5/7/2014 15:51:00",40.731,-73.9916,"B02617"
"5/7/2014 15:51:00",40.7554,-73.9837,"B02617"
"5/7/2014 15:52:00",40.6483,-73.7827,"B02617"
"5/7/2014 15:52:00",40.7556,-73.9747,"B02617"
"5/7/2014 15:52:00",40.7315,-74.0031,"B02617"
"5/7/2014 15:53:00",40.7538,-73.9876,"B02617"
"5/7/2014 15:53:00",40.7447,-74.0063,"B02617"
"5/7/2014 15:54:00",40.7631,-73.9782,"B02617"
"5/7/2014 15:54:00",40.7597,-73.9823,"B02617"
"5/7/2014 15:54:00",40.7401,-73.9918,"B02617"
"5/7/2014 15:54:00",40.7401,-73.9918,"B02617"
"5/7/2014 15:54:00",40.7521,-73.9855,"B02617"
"5/7/2014 15:54:00",40.7096,-74.0063,"B02617"
"5/7/2014 15:54:00",40.7338,-73.9982,"B02617"
"5/7/2014 15:54:00",40.7239,-73.9982,"B02617"
"5/7/2014 15:55:00",40.7265,-74.0023,"B02617"
"5/7/2014 15:55:00",40.7671,-73.984,"B02617"
"5/7/2014 15:55:00",40.7509,-73.9943,"B02617"
"5/7/2014 15:55:00",40.7509,-73.9943,"B02617"
"5/7/2014 15:55:00",40.7526,-73.9675,"B02617"
"5/7/2014 15:55:00",40.7548,-73.9755,"B02617"
"5/7/2014 15:55:00",40.7591,-73.9672,"B02617"
"5/7/2014 15:56:00",40.7244,-73.9986,"B02617"
"5/7/2014 15:56:00",40.7682,-73.8622,"B02617"
"5/7/2014 15:56:00",40.7218,-73.9998,"B02617"
"5/7/2014 15:56:00",40.7683,-73.9962,"B02617"
"5/7/2014 15:56:00",40.7685,-73.9575,"B02617"
"5/7/2014 15:56:00",40.7766,-73.962,"B02617"
"5/7/2014 15:57:00",40.7518,-73.9937,"B02617"
"5/7/2014 15:57:00",40.7238,-73.9967,"B02617"
"5/7/2014 15:57:00",40.7704,-73.964,"B02617"
"5/7/2014 15:58:00",40.7418,-73.9959,"B02617"
"5/7/2014 15:58:00",40.7143,-74.0002,"B02617"
"5/7/2014 15:58:00",40.7615,-73.984,"B02617"
"5/7/2014 15:58:00",40.7225,-73.9993,"B02617"
"5/7/2014 15:58:00",40.737,-74,"B02617"
"5/7/2014 15:59:00",40.7205,-74.0101,"B02617"
"5/7/2014 15:59:00",40.7287,-73.9591,"B02617"
"5/7/2014 15:59:00",40.7443,-73.9939,"B02617"
"5/7/2014 15:59:00",40.7443,-73.9939,"B02617"
"5/7/2014 15:59:00",40.7664,-73.9664,"B02617"
"5/7/2014 15:59:00",40.7275,-74.0031,"B02617"
"5/7/2014 16:00:00",40.7578,-73.9775,"B02617"
"5/7/2014 16:00:00",40.7254,-74.0036,"B02617"
"5/7/2014 16:01:00",40.7288,-73.9903,"B02617"
"5/7/2014 16:01:00",40.76,-73.9732,"B02617"
"5/7/2014 16:01:00",40.7491,-73.9922,"B02617"
"5/7/2014 16:02:00",40.7203,-74.0112,"B02617"
"5/7/2014 16:02:00",40.7261,-74.0089,"B02617"
"5/7/2014 16:02:00",40.7595,-73.9723,"B02617"
"5/7/2014 16:02:00",40.7235,-74.0061,"B02617"
"5/7/2014 16:03:00",40.7502,-73.9875,"B02617"
"5/7/2014 16:03:00",40.756,-73.9923,"B02617"
"5/7/2014 16:03:00",40.7498,-74.0051,"B02617"
"5/7/2014 16:03:00",40.7249,-73.9924,"B02617"
"5/7/2014 16:03:00",40.7234,-74.0114,"B02617"
"5/7/2014 16:03:00",40.7103,-73.9634,"B02617"
"5/7/2014 16:03:00",40.7073,-74.0043,"B02617"
"5/7/2014 16:03:00",40.749,-73.9995,"B02617"
"5/7/2014 16:04:00",40.6772,-74.017,"B02617"
"5/7/2014 16:04:00",40.7155,-74.0146,"B02617"
"5/7/2014 16:05:00",40.7257,-73.9846,"B02617"
"5/7/2014 16:05:00",40.7599,-73.9849,"B02617"
"5/7/2014 16:05:00",40.7266,-73.9994,"B02617"
"5/7/2014 16:05:00",40.7521,-73.9754,"B02617"
"5/7/2014 16:05:00",40.7693,-73.9958,"B02617"
"5/7/2014 16:05:00",40.7586,-73.9705,"B02617"
"5/7/2014 16:05:00",40.7749,-73.9591,"B02617"
"5/7/2014 16:05:00",40.7786,-73.9755,"B02617"
"5/7/2014 16:05:00",40.7726,-73.9647,"B02617"
"5/7/2014 16:05:00",40.71,-74.0105,"B02617"
"5/7/2014 16:05:00",40.7512,-73.9796,"B02617"
"5/7/2014 16:06:00",40.7263,-74.0055,"B02617"
"5/7/2014 16:06:00",40.7607,-73.9785,"B02617"
"5/7/2014 16:06:00",40.7027,-73.9899,"B02617"
"5/7/2014 16:06:00",40.7576,-73.9823,"B02617"
"5/7/2014 16:06:00",40.7498,-73.9936,"B02617"
"5/7/2014 16:06:00",40.7648,-73.9552,"B02617"
"5/7/2014 16:06:00",40.7642,-73.9557,"B02617"
"5/7/2014 16:07:00",40.7598,-73.9838,"B02617"
"5/7/2014 16:07:00",40.6713,-73.8819,"B02617"
"5/7/2014 16:07:00",40.7297,-73.997,"B02617"
"5/7/2014 16:07:00",40.7382,-73.988,"B02617"
"5/7/2014 16:07:00",40.7382,-73.988,"B02617"
"5/7/2014 16:07:00",40.6491,-74.0063,"B02617"
"5/7/2014 16:07:00",40.7444,-73.9834,"B02617"
"5/7/2014 16:07:00",40.7496,-73.9761,"B02617"
"5/7/2014 16:07:00",40.7248,-73.999,"B02617"
"5/7/2014 16:08:00",40.7535,-73.973,"B02617"
"5/7/2014 16:08:00",40.7623,-73.982,"B02617"
"5/7/2014 16:08:00",40.7516,-73.9936,"B02617"
"5/7/2014 16:08:00",40.7516,-73.9936,"B02617"
"5/7/2014 16:09:00",40.7153,-74.0159,"B02617"
"5/7/2014 16:09:00",40.7153,-74.0159,"B02617"
"5/7/2014 16:09:00",40.7537,-73.9919,"B02617"
"5/7/2014 16:09:00",40.7549,-73.9837,"B02617"
"5/7/2014 16:09:00",40.7463,-73.9893,"B02617"
"5/7/2014 16:09:00",40.7629,-73.9656,"B02617"
"5/7/2014 16:09:00",40.7258,-74.0008,"B02617"
"5/7/2014 16:10:00",40.7145,-74.0103,"B02617"
"5/7/2014 16:10:00",40.7552,-73.9756,"B02617"
"5/7/2014 16:10:00",40.7404,-73.9925,"B02617"
"5/7/2014 16:10:00",40.669,-73.9832,"B02617"
"5/7/2014 16:11:00",40.751,-73.9826,"B02617"
"5/7/2014 16:11:00",40.7376,-74.0065,"B02617"
"5/7/2014 16:11:00",40.7652,-73.979,"B02617"
"5/7/2014 16:12:00",40.7579,-73.9795,"B02617"
"5/7/2014 16:12:00",40.7524,-73.9734,"B02617"
"5/7/2014 16:12:00",40.7364,-73.989,"B02617"
"5/7/2014 16:12:00",40.7204,-74.0106,"B02617"
"5/7/2014 16:12:00",40.7544,-73.979,"B02617"
"5/7/2014 16:12:00",40.7577,-73.9894,"B02617"
"5/7/2014 16:12:00",40.7373,-73.9906,"B02617"
"5/7/2014 16:13:00",40.7848,-73.9559,"B02617"
"5/7/2014 16:13:00",40.7562,-73.9909,"B02617"
"5/7/2014 16:13:00",40.7242,-74.0011,"B02617"
"5/7/2014 16:13:00",40.7598,-73.9763,"B02617"
"5/7/2014 16:13:00",40.7596,-73.9796,"B02617"
"5/7/2014 16:13:00",40.7252,-73.9397,"B02617"
"5/7/2014 16:13:00",40.6884,-73.9886,"B02617"
"5/7/2014 16:14:00",40.7461,-73.9818,"B02617"
"5/7/2014 16:14:00",40.7404,-73.9983,"B02617"
"5/7/2014 16:14:00",40.6449,-73.7822,"B02617"
"5/7/2014 16:14:00",40.6405,-73.9995,"B02617"
"5/7/2014 16:15:00",40.7537,-73.9924,"B02617"
"5/7/2014 16:15:00",40.7075,-74.0121,"B02617"
"5/7/2014 16:16:00",40.6565,-73.9496,"B02617"
"5/7/2014 16:16:00",40.7631,-73.9654,"B02617"
"5/7/2014 16:16:00",40.7564,-73.9746,"B02617"
"5/7/2014 16:17:00",40.7484,-73.9844,"B02617"
"5/7/2014 16:17:00",40.7273,-74.0055,"B02617"
"5/7/2014 16:17:00",40.7451,-74.006,"B02617"
"5/7/2014 16:17:00",40.7152,-74.0093,"B02617"
"5/7/2014 16:17:00",40.74,-74.0072,"B02617"
"5/7/2014 16:18:00",40.7621,-73.9789,"B02617"
"5/7/2014 16:18:00",40.7191,-73.9765,"B02617"
"5/7/2014 16:18:00",40.7259,-74,"B02617"
"5/7/2014 16:18:00",40.71,-74.0604,"B02617"
"5/7/2014 16:18:00",40.7468,-73.9903,"B02617"
"5/7/2014 16:18:00",40.7589,-73.977,"B02617"
"5/7/2014 16:19:00",40.7576,-74.0008,"B02617"
"5/7/2014 16:19:00",40.7658,-73.9811,"B02617"
"5/7/2014 16:19:00",40.754,-73.9995,"B02617"
"5/7/2014 16:19:00",40.7449,-74.0069,"B02617"
"5/7/2014 16:19:00",40.659,-73.8035,"B02617"
"5/7/2014 16:20:00",40.718,-74.0097,"B02617"
"5/7/2014 16:20:00",40.7559,-73.9786,"B02617"
"5/7/2014 16:20:00",40.7799,-73.9745,"B02617"
"5/7/2014 16:20:00",40.7771,-73.9222,"B02617"
"5/7/2014 16:20:00",40.7206,-74.0101,"B02617"
"5/7/2014 16:20:00",40.7771,-73.9222,"B02617"
"5/7/2014 16:20:00",40.7756,-73.9609,"B02617"
"5/7/2014 16:20:00",40.7039,-73.9864,"B02617"
"5/7/2014 16:20:00",40.7487,-74.0061,"B02617"
"5/7/2014 16:21:00",40.7032,-73.9941,"B02617"
"5/7/2014 16:21:00",40.6689,-73.9375,"B02617"
"5/7/2014 16:21:00",40.7857,-73.9547,"B02617"
"5/7/2014 16:21:00",40.7609,-73.9695,"B02617"
"5/7/2014 16:21:00",40.7645,-73.9808,"B02617"
"5/7/2014 16:21:00",40.7432,-73.982,"B02617"
"5/7/2014 16:21:00",40.7624,-73.9703,"B02617"
"5/7/2014 16:22:00",40.7582,-73.9685,"B02617"
"5/7/2014 16:22:00",40.7591,-73.9945,"B02617"
"5/7/2014 16:22:00",40.745,-73.9872,"B02617"
"5/7/2014 16:22:00",40.7566,-73.994,"B02617"
"5/7/2014 16:23:00",40.7654,-73.9643,"B02617"
"5/7/2014 16:23:00",40.7175,-74.0054,"B02617"
"5/7/2014 16:23:00",40.7392,-73.9913,"B02617"
"5/7/2014 16:23:00",40.7139,-73.9925,"B02617"
"5/7/2014 16:23:00",40.7176,-74.0057,"B02617"
"5/7/2014 16:23:00",40.8215,-73.9485,"B02617"
"5/7/2014 16:24:00",40.7529,-73.9856,"B02617"
"5/7/2014 16:24:00",40.7551,-73.9839,"B02617"
"5/7/2014 16:24:00",40.7452,-73.987,"B02617"
"5/7/2014 16:24:00",40.7163,-73.9881,"B02617"
"5/7/2014 16:24:00",40.7509,-73.9739,"B02617"
"5/7/2014 16:24:00",40.7303,-74.0068,"B02617"
"5/7/2014 16:24:00",40.7512,-73.9865,"B02617"
"5/7/2014 16:24:00",40.7387,-74.0057,"B02617"
"5/7/2014 16:25:00",40.7401,-73.9957,"B02617"
"5/7/2014 16:25:00",40.724,-73.9965,"B02617"
"5/7/2014 16:25:00",40.7273,-73.9886,"B02617"
"5/7/2014 16:25:00",40.7702,-73.991,"B02617"
"5/7/2014 16:25:00",40.7739,-73.8716,"B02617"
"5/7/2014 16:25:00",40.7414,-73.9966,"B02617"
"5/7/2014 16:25:00",40.7555,-73.976,"B02617"
"5/7/2014 16:25:00",40.7801,-73.9752,"B02617"
"5/7/2014 16:26:00",40.7629,-73.9603,"B02617"
"5/7/2014 16:26:00",40.7713,-73.9658,"B02617"
"5/7/2014 16:26:00",40.7483,-74.0036,"B02617"
"5/7/2014 16:26:00",40.768,-73.9639,"B02617"
"5/7/2014 16:26:00",40.7647,-73.97,"B02617"
"5/7/2014 16:26:00",40.7483,-73.9802,"B02617"
"5/7/2014 16:27:00",40.7492,-73.9698,"B02617"
"5/7/2014 16:27:00",40.7603,-73.9888,"B02617"
"5/7/2014 16:27:00",40.7273,-73.979,"B02617"
"5/7/2014 16:27:00",40.7072,-74.0044,"B02617"
"5/7/2014 16:28:00",40.7225,-74.0014,"B02617"
"5/7/2014 16:28:00",40.7632,-73.9807,"B02617"
"5/7/2014 16:28:00",40.7418,-73.9897,"B02617"
"5/7/2014 16:28:00",40.7544,-73.9731,"B02617"
"5/7/2014 16:28:00",40.7342,-73.9925,"B02617"
"5/7/2014 16:28:00",40.6467,-73.7903,"B02617"
"5/7/2014 16:28:00",40.6467,-73.7903,"B02617"
"5/7/2014 16:29:00",40.7238,-73.9964,"B02617"
"5/7/2014 16:29:00",40.7666,-73.9531,"B02617"
"5/7/2014 16:29:00",40.7257,-74.0039,"B02617"
"5/7/2014 16:29:00",40.7564,-73.9771,"B02617"
"5/7/2014 16:30:00",40.7801,-73.9597,"B02617"
"5/7/2014 16:30:00",40.7523,-73.9733,"B02617"
"5/7/2014 16:30:00",40.7229,-74.0047,"B02617"
"5/7/2014 16:30:00",40.7145,-74.0109,"B02617"
"5/7/2014 16:30:00",40.7303,-74.0074,"B02617"
"5/7/2014 16:30:00",40.7294,-73.9902,"B02617"
"5/7/2014 16:30:00",40.7294,-73.9902,"B02617"
"5/7/2014 16:30:00",40.7439,-74.0067,"B02617"
"5/7/2014 16:30:00",40.7146,-74.0115,"B02617"
"5/7/2014 16:31:00",40.7241,-73.9985,"B02617"
"5/7/2014 16:31:00",40.7498,-73.9794,"B02617"
"5/7/2014 16:32:00",40.7447,-73.9889,"B02617"
"5/7/2014 16:32:00",40.7612,-73.9757,"B02617"
"5/7/2014 16:32:00",40.7579,-73.9857,"B02617"
"5/7/2014 16:32:00",40.743,-74.0042,"B02617"
"5/7/2014 16:32:00",40.7599,-73.9841,"B02617"
"5/7/2014 16:32:00",40.7599,-73.9841,"B02617"
"5/7/2014 16:33:00",40.7383,-73.9837,"B02617"
"5/7/2014 16:33:00",40.7242,-73.9967,"B02617"
"5/7/2014 16:33:00",40.774,-73.8726,"B02617"
"5/7/2014 16:33:00",40.7138,-74.0123,"B02617"
"5/7/2014 16:33:00",40.7706,-73.8654,"B02617"
"5/7/2014 16:33:00",40.6739,-73.9363,"B02617"
"5/7/2014 16:33:00",40.7549,-73.9706,"B02617"
"5/7/2014 16:34:00",40.8414,-73.9425,"B02617"
"5/7/2014 16:34:00",40.7252,-74.0037,"B02617"
"5/7/2014 16:34:00",40.7556,-73.9792,"B02617"
"5/7/2014 16:34:00",40.7695,-73.9957,"B02617"
"5/7/2014 16:35:00",40.7212,-73.9571,"B02617"
"5/7/2014 16:35:00",40.76,-73.9717,"B02617"
"5/7/2014 16:35:00",40.6948,-74.1779,"B02617"
"5/7/2014 16:35:00",40.735,-73.9816,"B02617"
"5/7/2014 16:35:00",40.7575,-73.9825,"B02617"
"5/7/2014 16:36:00",40.6605,-74.1738,"B02617"
"5/7/2014 16:36:00",40.7268,-74.0055,"B02617"
"5/7/2014 16:36:00",40.7447,-74.0062,"B02617"
"5/7/2014 16:36:00",40.6363,-73.9179,"B02617"
"5/7/2014 16:37:00",40.7665,-73.9819,"B02617"
"5/7/2014 16:37:00",40.7346,-73.99,"B02617"
"5/7/2014 16:37:00",40.7537,-73.9723,"B02617"
"5/7/2014 16:38:00",40.801,-73.961,"B02617"
"5/7/2014 16:38:00",40.7598,-73.9861,"B02617"
"5/7/2014 16:38:00",40.7318,-74.008,"B02617"
"5/7/2014 16:38:00",40.7626,-73.974,"B02617"
"5/7/2014 16:38:00",40.7028,-74.0141,"B02617"
"5/7/2014 16:38:00",40.7644,-73.9958,"B02617"